{"deviceType":"phone,tablet,2in1","buildMode":"debug","note":"false","logLevel":"3","isPreview":"true","port":"29903","checkEntry":"true","localPropertiesPath":"D:\\huaweihongmeng\\cemenghui\\local.properties","Path":"D:\\huaweihongmeng\\DevEco Studio\\tools\\node\\","aceProfilePath":"D:\\huaweihongmeng\\cemenghui\\entry\\.preview\\default\\intermediates\\res\\default\\resources\\base\\profile","hapMode":"false","img2bin":"true","projectProfilePath":"D:\\huaweihongmeng\\cemenghui\\build-profile.json5","watchMode":"true","appResource":"D:\\huaweihongmeng\\cemenghui\\entry\\.preview\\default\\intermediates\\res\\default\\ResourceTable.txt","aceBuildJson":"D:\\huaweihongmeng\\cemenghui\\entry\\.preview\\default\\intermediates\\loader\\default\\loader.json","aceModuleRoot":"D:\\huaweihongmeng\\cemenghui\\entry\\src\\main\\ets","aceSoPath":"D:\\huaweihongmeng\\cemenghui\\entry\\.preview\\cache\\nativeDependencies.txt","cachePath":"D:\\huaweihongmeng\\cemenghui\\entry\\.preview\\cache\\.default","aceModuleBuild":"D:\\huaweihongmeng\\cemenghui\\entry\\.preview\\default\\intermediates\\assets\\default\\ets","aceModuleJsonPath":"D:\\huaweihongmeng\\cemenghui\\entry\\.preview\\default\\intermediates\\res\\default\\module.json","stageRouterConfig":{"paths":["D:\\huaweihongmeng\\cemenghui\\entry\\.preview\\default\\intermediates\\res\\default\\module.json","D:\\huaweihongmeng\\cemenghui\\entry\\.preview\\default\\intermediates\\res\\default\\resources\\base\\profile\\main_pages.json"],"contents":["{\"module\":{\"pages\":\"$profile:main_pages\",\"name\":\"entry\"}}","{\"src\":[\"pages/Index\",\"pages/DetailPage\"]}"]}}