{
  "entry|entry|1.0.0|src/main/ets/entryability/EntryAbility.ts": {
    "version": 3,
    "file": "EntryAbility.ets",
    "sourceRoot": "",
    "sources": [
      "entry/src/main/ets/entryability/EntryAbility.ets"
    ],
    "names": [],
    "mappings": "YAAS,eAAe;OAAE,qBAAqB;OAAE,SAAS;YAAE,IAAI;OACvD,KAAK;YACL,MAAM;AAEf,MAAM,MAAM,GAAG,MAAM,CAAC;AAEtB,MAAM,CAAC,OAAO,OAAO,YAAa,SAAQ,SAAS;IACjD,QAAQ,CAAC,IAAI,EAAE,IAAI,EAAE,WAAW,EAAE,eAAe,CAAC,WAAW,GAAG,IAAI;QAClE,IAAI,CAAC,OAAO,CAAC,qBAAqB,EAAE,CAAC,YAAY,CAAC,qBAAqB,CAAC,SAAS,CAAC,kBAAkB,CAAC,CAAC;QACtG,KAAK,CAAC,IAAI,CAAC,MAAM,EAAE,SAAS,EAAE,YAAY,EAAE,kBAAkB,CAAC,CAAC;IAClE,CAAC;IAED,SAAS,IAAI,IAAI;QACf,KAAK,CAAC,IAAI,CAAC,MAAM,EAAE,SAAS,EAAE,YAAY,EAAE,mBAAmB,CAAC,CAAC;IACnE,CAAC;IAED,mBAAmB,CAAC,WAAW,EAAE,MAAM,CAAC,WAAW,GAAG,IAAI;QACxD,yDAAyD;QACzD,KAAK,CAAC,IAAI,CAAC,MAAM,EAAE,SAAS,EAAE,YAAY,EAAE,6BAA6B,CAAC,CAAC;QAE3E,WAAW,CAAC,WAAW,CAAC,aAAa,EAAE,CAAC,GAAG,EAAE,EAAE;YAC7C,IAAI,GAAG,CAAC,IAAI,EAAE;gBACZ,KAAK,CAAC,KAAK,CAAC,MAAM,EAAE,SAAS,EAAE,+CAA+C,EAAE,IAAI,CAAC,SAAS,CAAC,GAAG,CAAC,CAAC,CAAC;gBACrG,OAAO;aACR;YACD,KAAK,CAAC,IAAI,CAAC,MAAM,EAAE,SAAS,EAAE,mCAAmC,CAAC,CAAC;QACrE,CAAC,CAAC,CAAC;IACL,CAAC;IAED,oBAAoB,IAAI,IAAI;QAC1B,yDAAyD;QACzD,KAAK,CAAC,IAAI,CAAC,MAAM,EAAE,SAAS,EAAE,YAAY,EAAE,8BAA8B,CAAC,CAAC;IAC9E,CAAC;IAED,YAAY,IAAI,IAAI;QAClB,oCAAoC;QACpC,KAAK,CAAC,IAAI,CAAC,MAAM,EAAE,SAAS,EAAE,YAAY,EAAE,sBAAsB,CAAC,CAAC;IACtE,CAAC;IAED,YAAY,IAAI,IAAI;QAClB,iCAAiC;QACjC,KAAK,CAAC,IAAI,CAAC,MAAM,EAAE,SAAS,EAAE,YAAY,EAAE,sBAAsB,CAAC,CAAC;IACtE,CAAC;CACF",
    "entry-package-info": "entry|1.0.0"
  },
  "entry|entry|1.0.0|src/main/ets/entrybackupability/EntryBackupAbility.ts": {
    "version": 3,
    "file": "EntryBackupAbility.ets",
    "sourceRoot": "",
    "sources": [
      "entry/src/main/ets/entrybackupability/EntryBackupAbility.ets"
    ],
    "names": [],
    "mappings": "OAAS,KAAK;OACL,sBAAsB;cAAE,aAAa,IAAb,aAAa;AAE9C,MAAM,MAAM,GAAG,MAAM,CAAC;AAEtB,MAAM,CAAC,OAAO,OAAO,kBAAmB,SAAQ,sBAAsB;IACpE,KAAK,CAAC,QAAQ;QACZ,KAAK,CAAC,IAAI,CAAC,MAAM,EAAE,SAAS,EAAE,aAAa,CAAC,CAAC;QAC7C,MAAM,OAAO,CAAC,OAAO,EAAE,CAAC;IAC1B,CAAC;IAED,KAAK,CAAC,SAAS,CAAC,aAAa,EAAE,aAAa;QAC1C,KAAK,CAAC,IAAI,CAAC,MAAM,EAAE,SAAS,EAAE,yBAAyB,EAAE,IAAI,CAAC,SAAS,CAAC,aAAa,CAAC,CAAC,CAAC;QACxF,MAAM,OAAO,CAAC,OAAO,EAAE,CAAC;IAC1B,CAAC;CACF",
    "entry-package-info": "entry|1.0.0"
  },
  "entry|entry|1.0.0|src/main/ets/pages/Index.ts": {
    "version": 3,
    "file": "Index.ets",
    "sourceRoot": "",
    "sources": [
      "entry/src/main/ets/pages/Index.ets"
    ],
    "names": [],
    "mappings": ";;;;IASS,YAAY,GAAE,MAAM;IAGnB,QAAQ,GAAC,KAAK,CAAC,OAAO,CAAC;;OAZ1B,EAAE,WAAW,EAAE;OACf,EAAE,WAAW,EAAE;OACf,EAAE,WAAW,EAAE;OACf,EAAE,kBAAkB,EAAE;cACrB,OAAO,QAAM,gBAAgB;MAI9B,QAAQ;IAFf;;;;;2DAGgC,CAAC;wBAGG;YAChC;gBACE,KAAK,EAAE,IAAI;gBACX,YAAY,6GAAyB;gBACrC,UAAU,6GAA0B;aACrC;YACD;gBACE,KAAK,EAAE,IAAI;gBACX,YAAY,6GAAmC;gBAC/C,UAAU,6GAAoC;aAC/C;YACD;gBACE,KAAK,EAAE,IAAI;gBACX,YAAY,6GAAyB;gBACrC,UAAU,6GAA0B;aACrC;YACD;gBACE,KAAK,EAAE,IAAI;gBACX,YAAY,6GAA0B;gBACtC,UAAU,6GAA2B;aACtC;SACF;;;KA7BkC;;;;;;;;;;;;;;;;;;;IAKnC,iDAAqB,MAAM,EAAK,CAAC,SAAS;QAAnC,YAAY;;;QAAZ,YAAY,WAAE,MAAM;;;IAE3B,SAAS;IACT,OAAO,WAAU,KAAK,CAAC,OAAO,CAAC,CAqB7B;IAEF,UAAU;IAEV,cAAc,CAAC,IAAI,EAAE,OAAO,EAAE,KAAK,EAAE,MAAM;;YACzC,MAAM;;YAAN,MAAM,CAUL,KAAK,CAAC,KAAK;YAVZ,MAAM,CAWL,MAAM,CAAC,EAAE;YAXV,MAAM,CAYL,cAAc,CAAC,SAAS,CAAC,MAAM;YAZhC,MAAM,CAaL,OAAO,CAAC,GAAG,EAAE;gBACZ,IAAI,CAAC,YAAY,GAAG,KAAK,CAAC,CAAC,YAAY;YACzC,CAAC;;;YAdC,KAAK,QAAC,IAAI,CAAC,YAAY,KAAK,KAAK,CAAC,CAAC,CAAC,IAAI,CAAC,YAAY,CAAC,CAAC,CAAC,IAAI,CAAC,UAAU;;YAAvE,KAAK,CACF,KAAK,CAAC,EAAE;YADX,KAAK,CAEF,MAAM,CAAC,EAAE;YAFZ,KAAK,CAGF,MAAM,CAAC,EAAE,MAAM,EAAE,CAAC,EAAE;;;YAEvB,IAAI,QAAC,IAAI,CAAC,KAAK;;YAAf,IAAI,CACD,QAAQ,CAAC,EAAE;YADd,IAAI,CAED,SAAS,CAAC,IAAI,CAAC,YAAY,KAAK,KAAK,CAAC,CAAC,CAAC,SAAS,CAAC,CAAC,CAAC,SAAS;;QAFhE,IAAI;QANN,MAAM;KAgBP;IAED;;YACE,MAAM;;YAAN,MAAM,CAiCL,KAAK,CAAC,MAAM;YAjCb,MAAM,CAkCL,MAAM,CAAC,MAAM;;;YAjCZ,MAAM;;YAAN,MAAM,CAiBL,YAAY,CAAC,CAAC;YAjBf,MAAM,CAkBL,SAAS,CAAC,QAAQ,CAAC,IAAI;YAlBxB,MAAM,CAmBL,cAAc,CAAC,SAAS;YAnBzB,MAAM,CAoBL,cAAc,CAAC,CAAC;;;YAnBf,MAAM;;YAAN,MAAM,CAaL,KAAK,CAAC,MAAM;;;;YAZX,IAAI,IAAI,CAAC,YAAY,KAAK,CAAC,EAAE;;;;;wDAC3B,WAAW;;;;;;;;;;;;;aACZ;iBAAM,IAAI,IAAI,CAAC,YAAY,KAAK,CAAC,EAAE;;;;;wDAClC,WAAW;;;;;;;;;;;;;aACZ;iBAAM,IAAI,IAAI,CAAC,YAAY,KAAK,CAAC,EAAE;;;;;wDAClC,WAAW;;;;;;;;;;;;;aACZ;iBAAM;;;;;wDACL,kBAAkB;;;;;;;;;;;;;aACnB;;;;YACD,KAAK;;YAAL,KAAK,CACF,MAAM,CAAC,EAAE;;QADZ,KAAK;QAVP,MAAM;QADR,MAAM;;YAqBN,QAAQ;YACR,GAAG;;YADH,QAAQ;YACR,GAAG,CAKF,KAAK,CAAC,MAAM;YANb,QAAQ;YACR,GAAG,CAMF,MAAM,CAAC,EAAE;YAPV,QAAQ;YACR,GAAG,CAOF,eAAe,CAAC,SAAS;YAR1B,QAAQ;YACR,GAAG,CAQF,MAAM,CAAC,EAAE,KAAK,EAAE,CAAC,EAAE,KAAK,EAAE,SAAS,EAAE;;;YAPpC,OAAO;mDAA+B,KAAK,EAAC,MAAM;;gBAChD,IAAI,CAAC,cAAc,YAAC,IAAI,EAAE,KAAK,CAAC;;+CAD1B,IAAI,CAAC,QAAQ;;QAArB,OAAO;QAFT,QAAQ;QACR,GAAG;QAvBL,MAAM;KAmCP",
    "entry-package-info": "entry|1.0.0"
  },
  "entry|entry|1.0.0|src/main/ets/view/CooperationContent.ts": {
    "version": 3,
    "file": "CooperationContent.ets",
    "sourceRoot": "",
    "sources": [
      "entry/src/main/ets/view/CooperationContent.ets"
    ],
    "names": [],
    "mappings": ";;;;IAIU,QAAQ,GAAC,KAAK,CAAC,QAAQ,CAAC;;cAJzB,QAAQ,QAAQ,gBAAgB;AAGzC,MAAM,OAAQ,kBAAkB;IADhC;;;;;wBAEqC;YACjC,EAAE,EAAE,EAAE,CAAC,EAAE,GAAG,6GAAsB,EAAE;YACpC,EAAE,EAAE,EAAE,CAAC,EAAE,GAAG,6GAAsB,EAAE;YACpC,EAAE,EAAE,EAAE,CAAC,EAAE,GAAG,6GAAsB,EAAE;YACpC,EAAE,EAAE,EAAE,CAAC,EAAE,GAAG,6GAAsB,EAAE;YACpC,EAAE,EAAE,EAAE,CAAC,EAAE,GAAG,6GAAsB,EAAE,CAAI,OAAO;SAChD;;;KAVsC;;;;;;;;;;;;;;IAIvC,OAAO,WAAU,KAAK,CAAC,QAAQ,CAAC,CAM/B;IAED;;YACE,MAAM;;YAAN,MAAM,CA+CL,KAAK,CAAC,MAAM;YA/Cb,MAAM,CAgDL,MAAM,CAAC,MAAM;;;YA/CZ,iBAAiB;YACjB,GAAG;;YADH,iBAAiB;YACjB,GAAG,CAOF,KAAK,CAAC,MAAM;YARb,iBAAiB;YACjB,GAAG,CAQF,MAAM,CAAC,EAAE;YATV,iBAAiB;YACjB,GAAG,CASF,cAAc,CAAC,SAAS,CAAC,MAAM;YAVhC,iBAAiB;YACjB,GAAG,CAUF,cAAc,CAAC;gBACd,KAAK,EAAE,EAAE;gBACT,MAAM,EAAE,CAAC,CAAC,QAAQ,EAAE,CAAC,CAAC,EAAE,CAAC,QAAQ,EAAE,CAAC,CAAC,CAAC;aACvC;;;YAZC,IAAI,QAAC,IAAI;;YAAT,IAAI,CACD,QAAQ,CAAC,EAAE;YADd,IAAI,CAED,UAAU,CAAC,UAAU,CAAC,MAAM;YAF/B,IAAI,CAGD,SAAS,CAAC,KAAK,CAAC,KAAK;YAHxB,IAAI,CAID,MAAM,CAAC,EAAC,GAAG,EAAC,EAAE,EAAC;;QAJlB,IAAI;QAFN,iBAAiB;QACjB,GAAG;;YAeH,KAAK;;YAAL,KAAK,CAAG,MAAM,CAAC,IAAI;;QAAnB,KAAK;;YAEL,0BAA0B;YAC1B,IAAI,QAAC,EAAE,KAAK,EAAE,EAAE,EAAE;;YADlB,0BAA0B;YAC1B,IAAI,CAsBH,KAAK,CAAC,KAAK;YAvBZ,0BAA0B;YAC1B,IAAI,CAuBH,KAAK,CAAC,CAAC;YAxBR,0BAA0B;YAC1B,IAAI,CAwBH,QAAQ,CAAC,CAAC;YAzBX,0BAA0B;YAC1B,IAAI,CAyBH,eAAe,CAAC,SAAS;;;YAxBxB,OAAO;;;;;;;;4BACL,QAAQ;;;;;;wBAAR,QAAQ,CAiBP,MAAM,CAAC,EAAE,IAAI,EAAE,KAAK,EAAE,KAAK,EAAE,KAAK,EAAE;;;;;;4BAhBnC,MAAM;;;;;4BACJ,mBAAmB;4BACnB,IAAI,IAAI,CAAC,EAAE,KAAK,CAAC,EAAE;;;wCACjB,KAAK,QAAC,IAAI,CAAC,GAAG;;wCAAd,KAAK,CACF,KAAK,CAAC,MAAM;wCADf,KAAK,CAEF,WAAW,CAAC,GAAG;wCAFlB,KAAK,CAGF,SAAS,CAAC,QAAQ,CAAC,OAAO;;;6BAC9B;iCAAM;;;wCACL,SAAS;wCACT,KAAK,QAAC,IAAI,CAAC,GAAG;;wCADd,SAAS;wCACT,KAAK,CACF,KAAK,CAAC,MAAM;wCAFf,SAAS;wCACT,KAAK,CAEF,WAAW,CAAC,GAAG;wCAHlB,SAAS;wCACT,KAAK,CAGF,SAAS,CAAC,QAAQ,CAAC,OAAO;;;6BAC9B;;;wBAbH,MAAM;wBADR,QAAQ;;;oBAAR,QAAQ;;;+CADF,IAAI,CAAC,QAAQ;;QAArB,OAAO;QAFT,0BAA0B;QAC1B,IAAI;QApBN,MAAM;KAiDP",
    "entry-package-info": "entry|1.0.0"
  },
  "entry|entry|1.0.0|src/main/ets/view/HomeContent.ts": {
    "version": 3,
    "file": "HomeContent.ets",
    "sourceRoot": "",
    "sources": [
      "entry/src/main/ets/view/HomeContent.ets"
    ],
    "names": [],
    "mappings": ";;;;IAIS,kBAAkB,GAAE,MAAM;IACzB,YAAY;IAGZ,WAAW;;OARZ,MAAM;AAGf,MAAM,OAAQ,WAAW;IADzB;;;;;iEAEsC,CAAC;4BACd;;SAEtB;2BACqB;;;;;;;;;;;;SAYrB;;;KApBgC;;;;;;;;;;;;;;;;;;;;;;IAIjC,uDAA2B,MAAM,EAAI;QAA9B,kBAAkB;;;QAAlB,kBAAkB,WAAE,MAAM;;;IACjC,OAAO,cAEN;IACD,OAAO,aAYN;IAED;;YAEI,MAAM;;YAAN,MAAM,CAyEL,KAAK,CAAC,MAAM;YAzEb,MAAM,CA0EL,MAAM,CAAC,MAAM;YA1Ed,MAAM,CA2EL,eAAe,CAAC,SAAS;;;YA1ExB,yBAAyB;YACzB,MAAM;;YADN,yBAAyB;YACzB,MAAM,CAQL,SAAS,CAAC,IAAI;YATf,yBAAyB;YACzB,MAAM,CASL,QAAQ,CAAC,IAAI;YAVd,yBAAyB;YACzB,MAAM,CAUL,KAAK,CAAC,KAAK;YAXZ,yBAAyB;YACzB,MAAM,CAWL,MAAM,CAAC,GAAG;;;YAVT,OAAO;;;;oBACL,KAAK,QAAC,KAAK;;oBAAX,KAAK,CACF,KAAK,CAAC,MAAM;oBADf,KAAK,CAEF,MAAM,CAAC,GAAG;oBAFb,KAAK,CAGF,YAAY,CAAC,EAAE;;;+CAJZ,IAAI,CAAC,YAAY;;QAAzB,OAAO;QAFT,yBAAyB;QACzB,MAAM;;YAaN,KAAK;;YAAL,KAAK,CACF,MAAM,CAAC,IAAI;;QADd,KAAK;;YAGL,eAAe;YACf,MAAM;;YADN,eAAe;YACf,MAAM,CAkBL,KAAK,CAAC,MAAM;YAnBb,eAAe;YACf,MAAM,CAmBL,OAAO,CAAC,EAAE;YApBX,eAAe;YACf,MAAM,CAoBL,eAAe,CAAC,SAAS;;;YAnBxB,IAAI,QAAC,YAAY;;YAAjB,IAAI,CACD,QAAQ,CAAC,EAAE;YADd,IAAI,CAED,SAAS,CAAC,SAAS;YAFtB,IAAI,CAGD,UAAU,CAAC,UAAU,CAAC,IAAI;YAH7B,IAAI,CAID,MAAM,CAAC,EAAE,MAAM,EAAE,CAAC,EAAE;;QAJvB,IAAI;;YAMJ,IAAI,QAAC,mBAAmB;;YAAxB,IAAI,CACD,QAAQ,CAAC,EAAE;YADd,IAAI,CAED,SAAS,CAAC,SAAS;YAFtB,IAAI,CAGD,UAAU,CAAC,UAAU,CAAC,IAAI;YAH7B,IAAI,CAID,MAAM,CAAC,EAAE,MAAM,EAAE,EAAE,EAAE;;QAJxB,IAAI;;YAMJ,IAAI,QAAC,wHAAwH;;YAA7H,IAAI,CACD,QAAQ,CAAC,EAAE;YADd,IAAI,CAED,SAAS,CAAC,SAAS;YAFtB,IAAI,CAGD,UAAU,CAAC,EAAE;;QAHhB,IAAI;QAdN,eAAe;QACf,MAAM;;YAsBN,UAAU;YACV,kBAAkB;YAElB,IAAI;;YAHJ,UAAU;YACV,kBAAkB;YAElB,IAAI,CAkBH,eAAe,CAAC,iBAAiB;YArBlC,UAAU;YACV,kBAAkB;YAElB,IAAI,CAmBH,YAAY,CAAC,aAAa;YAtB3B,UAAU;YACV,kBAAkB;YAElB,IAAI,CAoBH,UAAU,CAAC,CAAC;YAvBb,UAAU;YACV,kBAAkB;YAElB,IAAI,CAqBH,OAAO,CAAC,CAAC;YAxBV,UAAU;YACV,kBAAkB;YAElB,IAAI,CAsBH,KAAK,CAAC,MAAM;YAzBb,UAAU;YACV,kBAAkB;YAElB,IAAI,CAuBJ,WAAW,CAAC,CAAC,GAAG,CAAC;YA1BjB,UAAU;YACV,kBAAkB;YAElB,IAAI,CAwBH,MAAM,CAAC,EAAE,GAAG,EAAE,EAAE,EAAE;;;YAvBjB,OAAO;mDAAmC,KAAK,EAAC,MAAM;;;;;;;;;;4BAElD,KAAK,QAAC,IAAI;;4BAAV,KAAK,CACF,KAAK,CAAC,EAAE;4BADX,KAAK,CAEF,MAAM,CAAC,EAAE;4BAFZ,KAAK,CAGF,SAAS,CAAC,QAAQ,CAAC,KAAK;4BAH3B,KAAK,CAIF,OAAO,CAAC,GAAE,EAAE;gCACX,MAAM,CAAC,OAAO,CAAC;oCACb,GAAG,EAAC,kBAAkB;oCACtB,MAAM,EAAC;wCACL,SAAS,EAAC,KAAK;qCAChB;iCACF,CAAC,CAAA;4BACJ,CAAC;;wBAZL,QAAQ;;;;;+CADF,IAAI,CAAC,WAAW;;QAAxB,OAAO;QAJT,UAAU;QACV,kBAAkB;QAElB,IAAI;QA5CN,MAAM;KA4EP",
    "entry-package-info": "entry|1.0.0"
  },
  "entry|entry|1.0.0|src/main/ets/view/NewsContent.ts": {
    "version": 3,
    "file": "NewsContent.ets",
    "sourceRoot": "",
    "sources": [
      "entry/src/main/ets/view/NewsContent.ets"
    ],
    "names": [],
    "mappings": ";;;;;AACA,MAAM,OAAQ,WAAW;IADzB;;;;;;;KAAA;;;;;;;;;;;IAEE;;YACE,MAAM;;YAAN,MAAM,CAIL,KAAK,CAAC,MAAM;YAJb,MAAM,CAKL,MAAM,CAAC,MAAM;;;YAJZ,IAAI,QAAC,QAAQ;;YAAb,IAAI,CACD,QAAQ,CAAC,EAAE;;QADd,IAAI;QADN,MAAM;KAMP",
    "entry-package-info": "entry|1.0.0"
  },
  "entry|entry|1.0.0|src/main/ets/view/TechContent.ts": {
    "version": 3,
    "file": "TechContent.ets",
    "sourceRoot": "",
    "sources": [
      "entry/src/main/ets/view/TechContent.ets"
    ],
    "names": [],
    "mappings": ";;;;;AACA,MAAM,OAAQ,WAAW;IADzB;;;;;;;KAAA;;;;;;;;;;;IAEE;;YACE,MAAM;;YAAN,MAAM,CAIL,KAAK,CAAC,MAAM;YAJb,MAAM,CAKL,MAAM,CAAC,MAAM;;;YAJZ,IAAI,QAAC,QAAQ;;YAAb,IAAI,CACD,QAAQ,CAAC,EAAE;;QADd,IAAI;QADN,MAAM;KAMP",
    "entry-package-info": "entry|1.0.0"
  },
  "entry|entry|1.0.0|src/main/ets/pages/DetailPage.ts": {
    "version": 3,
    "file": "DetailPage.ets",
    "sourceRoot": "",
    "sources": [
      "entry/src/main/ets/pages/DetailPage.ets"
    ],
    "names": [],
    "mappings": ";;;;IAqBS,SAAS,GAAE,MAAM;IACjB,eAAe,GAAE,MAAM;;OAtBvB,MAAM;OACR,IAAI;AAEX,UAAU,+BAA+B;IACvC,SAAS,CAAC,EAAE,MAAM,CAAC;CACpB;AAED,UAAU,UAAU;IAClB,IAAI,EAAE,MAAM,CAAC;IACb,KAAK,EAAE,MAAM,CAAC;CACf;AAED,UAAU,UAAU;IAClB,MAAM,EAAE,UAAU,EAAE,CAAC;CACtB;AAMD,MAAM,OAAQ,UAAU;IAFxB;;;;;wDAG6B,CAAC;8DACK,QAAQ;;;KAR1C;;;;;;;;;;;;;;;;;;;;;IAOC,8CAAkB,MAAM,EAAK;QAAtB,SAAS;;;QAAT,SAAS,WAAE,MAAM;;;IACxB,oDAAwB,MAAM,EAAY;QAAnC,eAAe;;;QAAf,eAAe,WAAE,MAAM;;;IAE9B,aAAa;QACX,MAAM,MAAM,GAAG,MAAM,CAAC,SAAS,EAAE,IAAI,+BAA+B,CAAC;QACrE,IAAI,MAAM,EAAE,SAAS,KAAK,SAAS,EAAE;YACnC,IAAI,CAAC,SAAS,GAAG,MAAM,CAAC,MAAM,CAAC,SAAS,CAAC,CAAC;SAC3C;QAED,IAAI,CAAC,mBAAmB,CAAC,IAAI,CAAC,SAAS,CAAC,CAAC;IAC3C,CAAC;IAED,OAAO,CAAC,KAAK,CAAC,mBAAmB,CAAC,KAAK,EAAE,MAAM;QAC7C,IAAI;YACF,MAAM,OAAO,GAAG,UAAU,CAAC,IAAI,CAAC,CAAC;YACjC,MAAM,QAAQ,EAAE,UAAU,GAAG,MAAM,OAAO,CAAC,eAAe,CAAC,UAAU,CAAC,0BAA0B,CAAC,CAAC;YAElG,+BAA+B;YAC/B,MAAM,OAAO,GAAG,IAAI,IAAI,CAAC,WAAW,CAAC,OAAO,CAAC,CAAC;YAC9C,MAAM,OAAO,GAAG,OAAO,CAAC,MAAM,CAAC,QAAQ,CAAC,CAAC;YAEzC,MAAM,QAAQ,EAAE,UAAU,GAAG,IAAI,CAAC,KAAK,CAAC,OAAO,CAAC,CAAC;YACjD,MAAM,gBAAgB,GAAG,QAAQ,CAAC,MAAM,CAAC;YAEzC,IAAI,KAAK,CAAC,OAAO,CAAC,gBAAgB,CAAC,IAAI,KAAK,IAAI,CAAC,IAAI,KAAK,GAAG,gBAAgB,CAAC,MAAM,EAAE;gBACpF,IAAI,CAAC,eAAe,GAAG,gBAAgB,CAAC,KAAK,CAAC,CAAC,KAAK,CAAC;aACtD;iBAAM;gBACL,IAAI,CAAC,eAAe,GAAG,MAAM,CAAC;aAC/B;SACF;QAAC,OAAO,GAAG,EAAE;YACZ,OAAO,CAAC,KAAK,CAAC,aAAa,EAAE,IAAI,CAAC,SAAS,CAAC,GAAG,CAAC,CAAC,CAAC;YAClD,IAAI,CAAC,eAAe,GAAG,MAAM,CAAC;SAC/B;IACH,CAAC;IAED;;YACE,MAAM;;YAAN,MAAM,CAML,KAAK,CAAC,MAAM;YANb,MAAM,CAOL,MAAM,CAAC,MAAM;YAPd,MAAM,CAQL,eAAe,CAAC,KAAK,CAAC,KAAK;;;YAP1B,IAAI,QAAC,IAAI,CAAC,eAAe;;YAAzB,IAAI,CACD,QAAQ,CAAC,EAAE;YADd,IAAI,CAED,SAAS,CAAC,KAAK,CAAC,KAAK;YAFxB,IAAI,CAGD,OAAO,CAAC,EAAE;;QAHb,IAAI;QADN,MAAM;KASP",
    "entry-package-info": "entry|1.0.0"
  }
}