{"CACHE_SYNC_FILE_HASH":{"D:\\huaweihongmeng\\cemenghui\\hvigor\\hvigor-config.json5":"4b60641a2282f094bec4dde9d4f0d48757b28804f4c03c4a1752b76a10db8238","D:\\huaweihongmeng\\cemenghui\\build-profile.json5":"70d22b1df07aefa9829f165c5e0e22dc3241a8c51218e724009726b2d8796476","D:\\huaweihongmeng\\cemenghui\\hvigorfile.ts":"19ddc6bc15717346c82ac70026af6b692ef11f6e90514210497e0b97c0627464","D:\\huaweihongmeng\\cemenghui\\oh-package.json5":"54ebaa841555372306c45e9af078ca2102b1b9d98c07410a3e5c22b3394e1ef6","D:\\huaweihongmeng\\cemenghui\\entry\\build-profile.json5":"0cf96ffce10822e7fdad5ca2d4b338860febd90433af57823ccd5afaf650cea1","D:\\huaweihongmeng\\cemenghui\\entry\\hvigorfile.ts":"83101d10e500e9277cafb85d57dd3f64c613e1c569f8e1b195e0549a82136a67","D:\\huaweihongmeng\\cemenghui\\entry\\oh-package.json5":"ca25caef0cbb498e4efd7268d07850cac936fa4dcb1b0a7eeecc75c7a4e62cce","D:\\huaweihongmeng\\cemenghui\\.hvigor\\outputs\\sync\\output.json":"f3ed9351dc68ffefa9eef3898f7824b57e51956c117b974e41bcd361aea7d243","SDK_LOCATION":"D:/huaweihongmeng/DevEco Studio/sdk"},"OHPM_INSTALL_FILE_HASH":{"D:\\huaweihongmeng\\cemenghui\\oh-package.json5":"54ebaa841555372306c45e9af078ca2102b1b9d98c07410a3e5c22b3394e1ef6","D:\\huaweihongmeng\\cemenghui\\oh_modules\\.ohpm\\lock.json5":"3e7c092cad4ad7a743793f9a710b6a6bd0af56c7bef4fb7c1af35f3e49627ab3","D:\\huaweihongmeng\\cemenghui\\entry\\oh-package.json5":"ca25caef0cbb498e4efd7268d07850cac936fa4dcb1b0a7eeecc75c7a4e62cce","D:\\huaweihongmeng\\cemenghui\\oh_modules":true,"D:\\huaweihongmeng\\cemenghui\\entry\\oh_modules":false}}