{
  "HVIGOR_OHOS_PLUGIN": {
    "MODULES": [
      {
        "MODULE_NAME": "1043bfc77febe75fafec0c4309faccf1",
        "API_TYPE": "stageMode"
      }
    ],
    "BUILD_MODE": "debug",
    "USE_NORMALIZED_OHMURL": true
  },
  "HVIGOR": {
    "IS_INCREMENTAL": true,
    "IS_DAEMON": true,
    "IS_PARALLEL": true,
    "IS_HVIGORFILE_TYPE_CHECK": false,
    "TASK_TIME": {
      "1043bfc77febe75fafec0c4309faccf1": {
        "CreateModuleInfo": 1237700,
        "PreCheckSyscap": 225500,
        "PreviewProcessResource": 2595100,
        "PreviewCompileResource": 130714700,
        "PreviewHookCompileResource": 188400,
        "CopyPreviewProfile": 4241800,
        "ReplacePreviewerPage": 225800,
        "buildPreviewerResource": 147500,
        "PreviewUpdateAssets": 2812300,
        "PreviewArkTS": 5529495900,
        "PreviewBuild": 167800
      }
    },
    "TOTAL_TIME": 5870034000,
    "BUILD_ID": "202507031444361930"
  }
}