{"D:\\huaweihongmeng\\cemenghui\\AppScope\\app.json5":{"hashValue":"8f2873e22c075f3bc8a7e0579281c97e","name":"app.json5","path":"D:\\huaweihongmeng\\cemenghui\\AppScope\\app.json5","type":"file","isSymbolicLink":false,"fileMetaData":{"size":221,"lastModifiedTime":1751268397161}},"D:\\huaweihongmeng\\cemenghui\\entry\\src\\main\\module.json5":{"hashValue":"b71e50ba4ef2e43ee704802a81317021","name":"module.json5","path":"D:\\huaweihongmeng\\cemenghui\\entry\\src\\main\\module.json5","type":"file","isSymbolicLink":false,"fileMetaData":{"size":1350,"lastModifiedTime":1751524227590}},"D:\\huaweihongmeng\\cemenghui\\build-profile.json5":{"hashValue":"6154902c0783ca168cfbf73dc8a43fc0","name":"build-profile.json5","path":"D:\\huaweihongmeng\\cemenghui\\build-profile.json5","type":"file","isSymbolicLink":false,"fileMetaData":{"size":798,"lastModifiedTime":1751268397176}},"D:\\huaweihongmeng\\cemenghui\\entry\\build-profile.json5":{"hashValue":"7ab8ec372fb811b57129e7051f1286b0","name":"build-profile.json5","path":"D:\\huaweihongmeng\\cemenghui\\entry\\build-profile.json5","type":"file","isSymbolicLink":false,"fileMetaData":{"size":449,"lastModifiedTime":1751268397169}},"D:\\huaweihongmeng\\cemenghui\\entry\\src\\main\\resources\\base\\profile\\main_pages.json":{"hashValue":"2357ec7c9d2ecf66e684f519ef4d15d2","name":"main_pages.json","path":"D:\\huaweihongmeng\\cemenghui\\entry\\src\\main\\resources\\base\\profile\\main_pages.json","type":"file","isSymbolicLink":false,"fileMetaData":{"size":62,"lastModifiedTime":1751343072949}},"D:\\huaweihongmeng\\cemenghui\\hvigor\\hvigor-config.json5":{"hashValue":"dae5717de66defaa295fdb4619d1c120","name":"hvigor-config.json5","path":"D:\\huaweihongmeng\\cemenghui\\hvigor\\hvigor-config.json5","type":"file","isSymbolicLink":false,"fileMetaData":{"size":1323,"lastModifiedTime":1751268396240}},"D:\\huaweihongmeng\\cemenghui\\entry\\src\\mock\\mock-config.json5":{"hashValue":"c7f2d362117eb786984fda4c4c11c2aa","name":"mock-config.json5","path":"D:\\huaweihongmeng\\cemenghui\\entry\\src\\mock\\mock-config.json5","type":"file","isSymbolicLink":false,"fileMetaData":{"size":3,"lastModifiedTime":1751268396385}},"D:\\huaweihongmeng\\cemenghui\\entry\\oh-package.json5":{"hashValue":"a59bc02c9cb85ae5f0f4aa32a0813e30","name":"oh-package.json5","path":"D:\\huaweihongmeng\\cemenghui\\entry\\oh-package.json5","type":"file","isSymbolicLink":false,"fileMetaData":{"size":183,"lastModifiedTime":1751268396297}},"D:\\huaweihongmeng\\cemenghui\\oh-package.json5":{"hashValue":"64e67bfd966e716ba88fbd8f4b49541f","name":"oh-package.json5","path":"D:\\huaweihongmeng\\cemenghui\\oh-package.json5","type":"file","isSymbolicLink":false,"fileMetaData":{"size":210,"lastModifiedTime":1751268397165}},"D:\\huaweihongmeng\\cemenghui\\entry\\.preview\\default\\intermediates\\merge_profile\\default\\module.json":{"hashValue":"65965954848d7f99a46a96e990614283","name":"module.json","path":"D:\\huaweihongmeng\\cemenghui\\entry\\.preview\\default\\intermediates\\merge_profile\\default\\module.json","type":"file","isSymbolicLink":false,"fileMetaData":{"size":1578,"lastModifiedTime":1751524888496}},"D:\\huaweihongmeng\\cemenghui\\entry\\.preview\\default\\generated\\profile\\default\\BuildProfile.ets":{"hashValue":"c5f4193eb7be4ded673d8ede9e3c0167","name":"BuildProfile.ets","path":"D:\\huaweihongmeng\\cemenghui\\entry\\.preview\\default\\generated\\profile\\default\\BuildProfile.ets","type":"file","isSymbolicLink":false,"fileMetaData":{"size":864,"lastModifiedTime":1751522810633}},"D:\\huaweihongmeng\\cemenghui\\entry\\.preview\\default\\intermediates\\loader\\default\\pkgContextInfo.json":{"hashValue":"a53cf0cbdc7f11dfe30d7abc92b561d7","name":"pkgContextInfo.json","path":"D:\\huaweihongmeng\\cemenghui\\entry\\.preview\\default\\intermediates\\loader\\default\\pkgContextInfo.json","type":"file","isSymbolicLink":false,"fileMetaData":{"size":444,"lastModifiedTime":1751522810649}},"D:\\huaweihongmeng\\cemenghui\\entry\\.preview\\default\\intermediates\\process_profile\\default\\module.json":{"hashValue":"c622aaad88f7f1574606dcbad9ae118d","name":"module.json","path":"D:\\huaweihongmeng\\cemenghui\\entry\\.preview\\default\\intermediates\\process_profile\\default\\module.json","type":"file","isSymbolicLink":false,"fileMetaData":{"size":1664,"lastModifiedTime":1751524888653}},"D:\\huaweihongmeng\\cemenghui\\entry\\.preview\\default\\intermediates\\router_map\\default\\temp-router-map.json":{"hashValue":"39b8bbf833ac386a1889a8e3049728a9","name":"temp-router-map.json","path":"D:\\huaweihongmeng\\cemenghui\\entry\\.preview\\default\\intermediates\\router_map\\default\\temp-router-map.json","type":"file","isSymbolicLink":false,"fileMetaData":{"size":16,"lastModifiedTime":1751524888660}},"D:\\huaweihongmeng\\cemenghui\\entry\\.preview\\default\\intermediates\\router_map\\default\\loader-router-map.json":{"hashValue":"0c69b690d453871b846d751f6c9ab17b","name":"loader-router-map.json","path":"D:\\huaweihongmeng\\cemenghui\\entry\\.preview\\default\\intermediates\\router_map\\default\\loader-router-map.json","type":"file","isSymbolicLink":false,"fileMetaData":{"size":16,"lastModifiedTime":1751524888660}},"D:\\huaweihongmeng\\cemenghui\\entry\\.preview\\default\\intermediates\\loader\\default\\loader.json":{"hashValue":"4fa0090b6bd394ba81a5af9449ef405a","name":"loader.json","path":"D:\\huaweihongmeng\\cemenghui\\entry\\.preview\\default\\intermediates\\loader\\default\\loader.json","type":"file","isSymbolicLink":false,"fileMetaData":{"size":811,"lastModifiedTime":1751524888691}},"D:\\huaweihongmeng\\cemenghui\\entry\\src\\main\\resources":{"hashValue":"2ab3d62bbe761dca991ab2088f55ad91","name":"resources","path":"D:\\huaweihongmeng\\cemenghui\\entry\\src\\main\\resources","type":"directory","isSymbolicLink":false,"children":[{"hashValue":"f920f6a9bd2b0a0cbcfb99fdd4dd486e","name":"base","path":"D:\\huaweihongmeng\\cemenghui\\entry\\src\\main\\resources\\base","type":"directory","isSymbolicLink":false,"children":[{"hashValue":"b729283ed975dad1e45041728e9da703","name":"element","path":"D:\\huaweihongmeng\\cemenghui\\entry\\src\\main\\resources\\base\\element","type":"directory","isSymbolicLink":false,"children":[{"hashValue":"9d50e281fd469995eb8067d5b4cd2663","name":"color.json","path":"D:\\huaweihongmeng\\cemenghui\\entry\\src\\main\\resources\\base\\element\\color.json","type":"file","isSymbolicLink":false,"fileMetaData":{"size":105,"lastModifiedTime":1751268396399}},{"hashValue":"e50bfdfa1333bbd09ceb4e6684415796","name":"float.json","path":"D:\\huaweihongmeng\\cemenghui\\entry\\src\\main\\resources\\base\\element\\float.json","type":"file","isSymbolicLink":false,"fileMetaData":{"size":100,"lastModifiedTime":1751268396407}},{"hashValue":"c01fa77713d2e2e0ed2e6a65072dc164","name":"string.json","path":"D:\\huaweihongmeng\\cemenghui\\entry\\src\\main\\resources\\base\\element\\string.json","type":"file","isSymbolicLink":false,"fileMetaData":{"size":334,"lastModifiedTime":1751345122095}}]},{"hashValue":"a1c688b20433d9368a5237dbc3b8e559","name":"media","path":"D:\\huaweihongmeng\\cemenghui\\entry\\src\\main\\resources\\base\\media","type":"directory","isSymbolicLink":false,"children":[{"hashValue":"0db674f79fafea7a133e82ed9ced5ce3","name":"background.png","path":"D:\\huaweihongmeng\\cemenghui\\entry\\src\\main\\resources\\base\\media\\background.png","type":"file","isSymbolicLink":false,"fileMetaData":{"size":91942,"lastModifiedTime":1751268396413}},{"hashValue":"9d66a3566ea638105cf717ad0ca5f586","name":"bzzd.png","path":"D:\\huaweihongmeng\\cemenghui\\entry\\src\\main\\resources\\base\\media\\bzzd.png","type":"file","isSymbolicLink":false,"fileMetaData":{"size":18304,"lastModifiedTime":1751356325044}},{"hashValue":"805b05ca31337c863b7753b2a508d355","name":"chongqing.png","path":"D:\\huaweihongmeng\\cemenghui\\entry\\src\\main\\resources\\base\\media\\chongqing.png","type":"file","isSymbolicLink":false,"fileMetaData":{"size":2612,"lastModifiedTime":1751273083823}},{"hashValue":"0d660c85a63d32d349fb1eb5060ae3c5","name":"cmh.png","path":"D:\\huaweihongmeng\\cemenghui\\entry\\src\\main\\resources\\base\\media\\cmh.png","type":"file","isSymbolicLink":false,"fileMetaData":{"size":129094,"lastModifiedTime":1751271860368}},{"hashValue":"011720114aaba9347cc8ed728697d10a","name":"daopu.png","path":"D:\\huaweihongmeng\\cemenghui\\entry\\src\\main\\resources\\base\\media\\daopu.png","type":"file","isSymbolicLink":false,"fileMetaData":{"size":4622,"lastModifiedTime":1751273018374}},{"hashValue":"851f9b06df80dd1f0e3afd99b14d4b55","name":"earth_americas_off.svg","path":"D:\\huaweihongmeng\\cemenghui\\entry\\src\\main\\resources\\base\\media\\earth_americas_off.svg","type":"file","isSymbolicLink":false,"fileMetaData":{"size":818,"lastModifiedTime":1751270198910}},{"hashValue":"5cdc1eea6d644eefd4fe5945978b160a","name":"earth_americas_on.svg","path":"D:\\huaweihongmeng\\cemenghui\\entry\\src\\main\\resources\\base\\media\\earth_americas_on.svg","type":"file","isSymbolicLink":false,"fileMetaData":{"size":1029,"lastModifiedTime":1751270226333}},{"hashValue":"b9bd597114a2b81842aa36fb5ef54df3","name":"foreground.png","path":"D:\\huaweihongmeng\\cemenghui\\entry\\src\\main\\resources\\base\\media\\foreground.png","type":"file","isSymbolicLink":false,"fileMetaData":{"size":8805,"lastModifiedTime":1751268396417}},{"hashValue":"7ae5be9e637a4b0db3f05756a3194430","name":"gjyf.png","path":"D:\\huaweihongmeng\\cemenghui\\entry\\src\\main\\resources\\base\\media\\gjyf.png","type":"file","isSymbolicLink":false,"fileMetaData":{"size":12276,"lastModifiedTime":1751356344450}},{"hashValue":"c74ccfbf0932cefe12cba026c1a50d86","name":"guxd.png","path":"D:\\huaweihongmeng\\cemenghui\\entry\\src\\main\\resources\\base\\media\\guxd.png","type":"file","isSymbolicLink":false,"fileMetaData":{"size":12856,"lastModifiedTime":1751356353090}},{"hashValue":"a824c28be72130c907b0116565e5cf76","name":"heart_off.svg","path":"D:\\huaweihongmeng\\cemenghui\\entry\\src\\main\\resources\\base\\media\\heart_off.svg","type":"file","isSymbolicLink":false,"fileMetaData":{"size":555,"lastModifiedTime":1751269970543}},{"hashValue":"f6f202b5e59df1996a895f998f79c876","name":"heart_on.svg","path":"D:\\huaweihongmeng\\cemenghui\\entry\\src\\main\\resources\\base\\media\\heart_on.svg","type":"file","isSymbolicLink":false,"fileMetaData":{"size":344,"lastModifiedTime":1751270004234}},{"hashValue":"a2faafa78df51921535ee9cc4559ad96","name":"home_off.svg","path":"D:\\huaweihongmeng\\cemenghui\\entry\\src\\main\\resources\\base\\media\\home_off.svg","type":"file","isSymbolicLink":false,"fileMetaData":{"size":428,"lastModifiedTime":1751269939675}},{"hashValue":"637a7a6067a2330c93f215a42d716567","name":"home_on.svg","path":"D:\\huaweihongmeng\\cemenghui\\entry\\src\\main\\resources\\base\\media\\home_on.svg","type":"file","isSymbolicLink":false,"fileMetaData":{"size":1027,"lastModifiedTime":1751269850421}},{"hashValue":"b3b6e52dd7d3dce1039b6153bfd87284","name":"hunan.png","path":"D:\\huaweihongmeng\\cemenghui\\entry\\src\\main\\resources\\base\\media\\hunan.png","type":"file","isSymbolicLink":false,"fileMetaData":{"size":9747,"lastModifiedTime":1751273044054}},{"hashValue":"f20a26dc0c6a120ed8b5f93eff185380","name":"hyyt.png","path":"D:\\huaweihongmeng\\cemenghui\\entry\\src\\main\\resources\\base\\media\\hyyt.png","type":"file","isSymbolicLink":false,"fileMetaData":{"size":18768,"lastModifiedTime":1751356315595}},{"hashValue":"eb07140daa923c8a171c825c7e63f158","name":"jiangsu.png","path":"D:\\huaweihongmeng\\cemenghui\\entry\\src\\main\\resources\\base\\media\\jiangsu.png","type":"file","isSymbolicLink":false,"fileMetaData":{"size":4553,"lastModifiedTime":1751273118646}},{"hashValue":"906c1cec4bc4c2f54d737eafe5e7e64e","name":"jilin.png","path":"D:\\huaweihongmeng\\cemenghui\\entry\\src\\main\\resources\\base\\media\\jilin.png","type":"file","isSymbolicLink":false,"fileMetaData":{"size":10056,"lastModifiedTime":1751273072734}},{"hashValue":"b54ebcb1148df631999064fa97cbdd71","name":"jspx.png","path":"D:\\huaweihongmeng\\cemenghui\\entry\\src\\main\\resources\\base\\media\\jspx.png","type":"file","isSymbolicLink":false,"fileMetaData":{"size":12035,"lastModifiedTime":1751356334309}},{"hashValue":"44b44d98a00ec023aadb09b40742a4c9","name":"layered_image.json","path":"D:\\huaweihongmeng\\cemenghui\\entry\\src\\main\\resources\\base\\media\\layered_image.json","type":"file","isSymbolicLink":false,"fileMetaData":{"size":109,"lastModifiedTime":1751268396421}},{"hashValue":"e96046c9da39fab6fbea0599301403e5","name":"rthl.png","path":"D:\\huaweihongmeng\\cemenghui\\entry\\src\\main\\resources\\base\\media\\rthl.png","type":"file","isSymbolicLink":false,"fileMetaData":{"size":2748,"lastModifiedTime":1751273097278}},{"hashValue":"996ea0cc4597482b3b7ef01d5b2321d7","name":"shanghai_soft.png","path":"D:\\huaweihongmeng\\cemenghui\\entry\\src\\main\\resources\\base\\media\\shanghai_soft.png","type":"file","isSymbolicLink":false,"fileMetaData":{"size":6398,"lastModifiedTime":1751273062912}},{"hashValue":"1ded59ca54615e121d7976713bb8bd30","name":"shanghai.png","path":"D:\\huaweihongmeng\\cemenghui\\entry\\src\\main\\resources\\base\\media\\shanghai.png","type":"file","isSymbolicLink":false,"fileMetaData":{"size":3087,"lastModifiedTime":1751273031125}},{"hashValue":"6f4f4abdec96f249f59959f6bb0ee269","name":"startIcon.png","path":"D:\\huaweihongmeng\\cemenghui\\entry\\src\\main\\resources\\base\\media\\startIcon.png","type":"file","isSymbolicLink":false,"fileMetaData":{"size":20093,"lastModifiedTime":1751268396428}},{"hashValue":"ac5fae857b5e47e6f66cc2e7ac0b957e","name":"tech_off.svg","path":"D:\\huaweihongmeng\\cemenghui\\entry\\src\\main\\resources\\base\\media\\tech_off.svg","type":"file","isSymbolicLink":false,"fileMetaData":{"size":1027,"lastModifiedTime":1751270074247}},{"hashValue":"d300daa09f92360681e68e22b1959028","name":"tech_on.svg","path":"D:\\huaweihongmeng\\cemenghui\\entry\\src\\main\\resources\\base\\media\\tech_on.svg","type":"file","isSymbolicLink":false,"fileMetaData":{"size":938,"lastModifiedTime":1751270104442}},{"hashValue":"90fca33a44858302e9db26cc59fbc0dd","name":"xian863.png","path":"D:\\huaweihongmeng\\cemenghui\\entry\\src\\main\\resources\\base\\media\\xian863.png","type":"file","isSymbolicLink":false,"fileMetaData":{"size":9660,"lastModifiedTime":1751273110388}},{"hashValue":"3e2d2205e519a58bf61751001b24147f","name":"zero610.png","path":"D:\\huaweihongmeng\\cemenghui\\entry\\src\\main\\resources\\base\\media\\zero610.png","type":"file","isSymbolicLink":false,"fileMetaData":{"size":8782,"lastModifiedTime":1751273332996}},{"hashValue":"ac694f18ad25380b09f15c3e6f0d5bf0","name":"zist.png","path":"D:\\huaweihongmeng\\cemenghui\\entry\\src\\main\\resources\\base\\media\\zist.png","type":"file","isSymbolicLink":false,"fileMetaData":{"size":11221,"lastModifiedTime":1751273342198}}]},{"hashValue":"e59e6525027ba6f7109ca58aa7af32e1","name":"profile","path":"D:\\huaweihongmeng\\cemenghui\\entry\\src\\main\\resources\\base\\profile","type":"directory","isSymbolicLink":false,"children":[{"hashValue":"1c6946c1e9584472e6e1c1cf69b9e961","name":"backup_config.json","path":"D:\\huaweihongmeng\\cemenghui\\entry\\src\\main\\resources\\base\\profile\\backup_config.json","type":"file","isSymbolicLink":false,"fileMetaData":{"size":36,"lastModifiedTime":1751268396474}},{"hashValue":"2357ec7c9d2ecf66e684f519ef4d15d2","name":"main_pages.json","path":"D:\\huaweihongmeng\\cemenghui\\entry\\src\\main\\resources\\base\\profile\\main_pages.json","type":"file","isSymbolicLink":false,"fileMetaData":{"size":62,"lastModifiedTime":1751343072949}}]}]},{"hashValue":"c46a6998b9cf3d55dd092a51b803af55","name":"dark","path":"D:\\huaweihongmeng\\cemenghui\\entry\\src\\main\\resources\\dark","type":"directory","isSymbolicLink":false,"children":[{"hashValue":"65739135d61e933c92fba8a1323e4651","name":"element","path":"D:\\huaweihongmeng\\cemenghui\\entry\\src\\main\\resources\\dark\\element","type":"directory","isSymbolicLink":false,"children":[{"hashValue":"2fd000f9185ba3642ddf37420097ecc5","name":"color.json","path":"D:\\huaweihongmeng\\cemenghui\\entry\\src\\main\\resources\\dark\\element\\color.json","type":"file","isSymbolicLink":false,"fileMetaData":{"size":105,"lastModifiedTime":1751268396461}}]}]},{"hashValue":"2ce811c1a58a436de5200c011ec69d75","name":"rawfile","path":"D:\\huaweihongmeng\\cemenghui\\entry\\src\\main\\resources\\rawfile","type":"directory","isSymbolicLink":false,"children":[{"hashValue":"7f43d61c905fe0d5c11ece97ac73ba40","name":"member_descriptions.json","path":"D:\\huaweihongmeng\\cemenghui\\entry\\src\\main\\resources\\rawfile\\member_descriptions.json","type":"file","isSymbolicLink":false,"fileMetaData":{"size":2740,"lastModifiedTime":1751523756762}}]}]},"D:\\huaweihongmeng\\cemenghui\\entry\\.preview\\default\\intermediates\\res\\default":{"hashValue":"664428df416b2f2efb432d17713d40f1","name":"default","path":"D:\\huaweihongmeng\\cemenghui\\entry\\.preview\\default\\intermediates\\res\\default","type":"directory","isSymbolicLink":false,"children":[{"hashValue":"f846eede9b2d45fdc905c763785fcb39","name":"app_compiled","path":"D:\\huaweihongmeng\\cemenghui\\entry\\.preview\\default\\intermediates\\res\\default\\app_compiled","type":"directory","isSymbolicLink":false,"children":[{"hashValue":"6f9f8707ee3d7791468cef7e239fcf2c","name":"14887804519136577740","path":"D:\\huaweihongmeng\\cemenghui\\entry\\.preview\\default\\intermediates\\res\\default\\app_compiled\\14887804519136577740","type":"file","isSymbolicLink":false,"fileMetaData":{"size":186,"lastModifiedTime":1751525076409}},{"hashValue":"01b115a6e0466943ed0ace9bd5aae4fd","name":"17789420026076488945","path":"D:\\huaweihongmeng\\cemenghui\\entry\\.preview\\default\\intermediates\\res\\default\\app_compiled\\17789420026076488945","type":"file","isSymbolicLink":false,"fileMetaData":{"size":186,"lastModifiedTime":1751525076409}},{"hashValue":"9512f8eee8eee67a5dec3d630abcdc62","name":"4013811875275151561","path":"D:\\huaweihongmeng\\cemenghui\\entry\\.preview\\default\\intermediates\\res\\default\\app_compiled\\4013811875275151561","type":"file","isSymbolicLink":false,"fileMetaData":{"size":198,"lastModifiedTime":1751525076410}},{"hashValue":"73189e36d6c30dc83bd3ec662ee26d15","name":"8715476333507712325","path":"D:\\huaweihongmeng\\cemenghui\\entry\\.preview\\default\\intermediates\\res\\default\\app_compiled\\8715476333507712325","type":"file","isSymbolicLink":false,"fileMetaData":{"size":116,"lastModifiedTime":1751525076409}}]},{"hashValue":"c0a73ae363f218059ec2a609d8e91a11","name":"ids_map","path":"D:\\huaweihongmeng\\cemenghui\\entry\\.preview\\default\\intermediates\\res\\default\\ids_map","type":"directory","isSymbolicLink":false,"children":[{"hashValue":"d21cc503689bef230d1c9c7b8d78d92d","name":"id_defined.json","path":"D:\\huaweihongmeng\\cemenghui\\entry\\.preview\\default\\intermediates\\res\\default\\ids_map\\id_defined.json","type":"file","isSymbolicLink":false,"fileMetaData":{"size":2815,"lastModifiedTime":1751525076495}}]},{"hashValue":"b4a15b7b681269d68283deac53389783","name":"mock-config.json","path":"D:\\huaweihongmeng\\cemenghui\\entry\\.preview\\default\\intermediates\\res\\default\\mock-config.json","type":"file","isSymbolicLink":false,"fileMetaData":{"size":2,"lastModifiedTime":1751270902564}},{"hashValue":"9f118dcb05715f16017335c435c610bf","name":"module_compiled","path":"D:\\huaweihongmeng\\cemenghui\\entry\\.preview\\default\\intermediates\\res\\default\\module_compiled","type":"directory","isSymbolicLink":false,"children":[{"hashValue":"22d63eae0802c2c7d37f97e2e23ec7d5","name":"10060721811088953899","path":"D:\\huaweihongmeng\\cemenghui\\entry\\.preview\\default\\intermediates\\res\\default\\module_compiled\\10060721811088953899","type":"file","isSymbolicLink":false,"fileMetaData":{"size":222,"lastModifiedTime":1751525076433}},{"hashValue":"40eb2060bc142db61b4556990e1b68a7","name":"1110648610706480050","path":"D:\\huaweihongmeng\\cemenghui\\entry\\.preview\\default\\intermediates\\res\\default\\module_compiled\\1110648610706480050","type":"file","isSymbolicLink":false,"fileMetaData":{"size":192,"lastModifiedTime":1751525076435}},{"hashValue":"79913e2e85088ca980011ccb7abc54f0","name":"11128746733789081950","path":"D:\\huaweihongmeng\\cemenghui\\entry\\.preview\\default\\intermediates\\res\\default\\module_compiled\\11128746733789081950","type":"file","isSymbolicLink":false,"fileMetaData":{"size":538,"lastModifiedTime":1751525076431}},{"hashValue":"b26e3f14931f465b721315588a99ff62","name":"11451651298883500290","path":"D:\\huaweihongmeng\\cemenghui\\entry\\.preview\\default\\intermediates\\res\\default\\module_compiled\\11451651298883500290","type":"file","isSymbolicLink":false,"fileMetaData":{"size":180,"lastModifiedTime":1751525076434}},{"hashValue":"4798b87d7762e8d0582383907fffda5e","name":"11701836745831301924","path":"D:\\huaweihongmeng\\cemenghui\\entry\\.preview\\default\\intermediates\\res\\default\\module_compiled\\11701836745831301924","type":"file","isSymbolicLink":false,"fileMetaData":{"size":180,"lastModifiedTime":1751525076435}},{"hashValue":"fa3d7793cc5cbb286ce6faff8c02c3ca","name":"12692537657304124946","path":"D:\\huaweihongmeng\\cemenghui\\entry\\.preview\\default\\intermediates\\res\\default\\module_compiled\\12692537657304124946","type":"file","isSymbolicLink":false,"fileMetaData":{"size":210,"lastModifiedTime":1751525076434}},{"hashValue":"142a469aba5de8a63862b29130356388","name":"13616321748192206299","path":"D:\\huaweihongmeng\\cemenghui\\entry\\.preview\\default\\intermediates\\res\\default\\module_compiled\\13616321748192206299","type":"file","isSymbolicLink":false,"fileMetaData":{"size":195,"lastModifiedTime":1751525076433}},{"hashValue":"34e5a6954fa8fb955834ec113235d983","name":"14171756920049274942","path":"D:\\huaweihongmeng\\cemenghui\\entry\\.preview\\default\\intermediates\\res\\default\\module_compiled\\14171756920049274942","type":"file","isSymbolicLink":false,"fileMetaData":{"size":177,"lastModifiedTime":1751525076432}},{"hashValue":"a1b1dddbdb92ecfd9c31ed1287b4fa49","name":"14808030937995284901","path":"D:\\huaweihongmeng\\cemenghui\\entry\\.preview\\default\\intermediates\\res\\default\\module_compiled\\14808030937995284901","type":"file","isSymbolicLink":false,"fileMetaData":{"size":180,"lastModifiedTime":1751525076432}},{"hashValue":"ef3ce035895a85866b4e48991e00de4d","name":"15219912229167716311","path":"D:\\huaweihongmeng\\cemenghui\\entry\\.preview\\default\\intermediates\\res\\default\\module_compiled\\15219912229167716311","type":"file","isSymbolicLink":false,"fileMetaData":{"size":198,"lastModifiedTime":1751525076433}},{"hashValue":"1a400cd133de66b6d7f4e72fea31d18a","name":"1523857262428706120","path":"D:\\huaweihongmeng\\cemenghui\\entry\\.preview\\default\\intermediates\\res\\default\\module_compiled\\1523857262428706120","type":"file","isSymbolicLink":false,"fileMetaData":{"size":189,"lastModifiedTime":1751525076433}},{"hashValue":"969d74febe6cb26c40401573a910fa4b","name":"15529949063593012094","path":"D:\\huaweihongmeng\\cemenghui\\entry\\.preview\\default\\intermediates\\res\\default\\module_compiled\\15529949063593012094","type":"file","isSymbolicLink":false,"fileMetaData":{"size":180,"lastModifiedTime":1751525076434}},{"hashValue":"241834aa44370a5767603ef48194a8f7","name":"15646751805920733654","path":"D:\\huaweihongmeng\\cemenghui\\entry\\.preview\\default\\intermediates\\res\\default\\module_compiled\\15646751805920733654","type":"file","isSymbolicLink":false,"fileMetaData":{"size":180,"lastModifiedTime":1751525076436}},{"hashValue":"65cccc96f10ce9e2e6a7193d5e1b57e5","name":"15846696918777722738","path":"D:\\huaweihongmeng\\cemenghui\\entry\\.preview\\default\\intermediates\\res\\default\\module_compiled\\15846696918777722738","type":"file","isSymbolicLink":false,"fileMetaData":{"size":205,"lastModifiedTime":1751525076436}},{"hashValue":"db5c72403d5c591bdbb06124305435d0","name":"15919405668120090104","path":"D:\\huaweihongmeng\\cemenghui\\entry\\.preview\\default\\intermediates\\res\\default\\module_compiled\\15919405668120090104","type":"file","isSymbolicLink":false,"fileMetaData":{"size":152,"lastModifiedTime":1751525076437}},{"hashValue":"d54529bb1084e2efc90e08ec3deee127","name":"1649485684728665529","path":"D:\\huaweihongmeng\\cemenghui\\entry\\.preview\\default\\intermediates\\res\\default\\module_compiled\\1649485684728665529","type":"file","isSymbolicLink":false,"fileMetaData":{"size":219,"lastModifiedTime":1751525076433}},{"hashValue":"2060bf9bd67444bde2a8a0d0b8f6593f","name":"17712704891202195531","path":"D:\\huaweihongmeng\\cemenghui\\entry\\.preview\\default\\intermediates\\res\\default\\module_compiled\\17712704891202195531","type":"file","isSymbolicLink":false,"fileMetaData":{"size":142,"lastModifiedTime":1751525076437}},{"hashValue":"dd1b925ad566980f66cc997865eb17b5","name":"17753982136382113646","path":"D:\\huaweihongmeng\\cemenghui\\entry\\.preview\\default\\intermediates\\res\\default\\module_compiled\\17753982136382113646","type":"file","isSymbolicLink":false,"fileMetaData":{"size":198,"lastModifiedTime":1751525076431}},{"hashValue":"00368c973fea25a9e21b1697539a8039","name":"18069954450396945848","path":"D:\\huaweihongmeng\\cemenghui\\entry\\.preview\\default\\intermediates\\res\\default\\module_compiled\\18069954450396945848","type":"file","isSymbolicLink":false,"fileMetaData":{"size":180,"lastModifiedTime":1751525076433}},{"hashValue":"19ed2ee02d6e43311984ddd4d9a0bd67","name":"18250618853918670100","path":"D:\\huaweihongmeng\\cemenghui\\entry\\.preview\\default\\intermediates\\res\\default\\module_compiled\\18250618853918670100","type":"file","isSymbolicLink":false,"fileMetaData":{"size":180,"lastModifiedTime":1751525076433}},{"hashValue":"04835642125c55e3120539c08ec99362","name":"18328871439381890944","path":"D:\\huaweihongmeng\\cemenghui\\entry\\.preview\\default\\intermediates\\res\\default\\module_compiled\\18328871439381890944","type":"file","isSymbolicLink":false,"fileMetaData":{"size":183,"lastModifiedTime":1751525076434}},{"hashValue":"af948f4eccddd1c30a3ba1885d0a153c","name":"18416432920340808710","path":"D:\\huaweihongmeng\\cemenghui\\entry\\.preview\\default\\intermediates\\res\\default\\module_compiled\\18416432920340808710","type":"file","isSymbolicLink":false,"fileMetaData":{"size":192,"lastModifiedTime":1751525076433}},{"hashValue":"07e0e03776fd267a50d09627a1814471","name":"2675461768805059575","path":"D:\\huaweihongmeng\\cemenghui\\entry\\.preview\\default\\intermediates\\res\\default\\module_compiled\\2675461768805059575","type":"file","isSymbolicLink":false,"fileMetaData":{"size":127,"lastModifiedTime":1751525076431}},{"hashValue":"6118d6e95cedc2da8c2bf3cd3d10c120","name":"3819966891379144454","path":"D:\\huaweihongmeng\\cemenghui\\entry\\.preview\\default\\intermediates\\res\\default\\module_compiled\\3819966891379144454","type":"file","isSymbolicLink":false,"fileMetaData":{"size":189,"lastModifiedTime":1751525076436}},{"hashValue":"b83a2ace43fcee70cd895b607a6353f6","name":"3936051609266457965","path":"D:\\huaweihongmeng\\cemenghui\\entry\\.preview\\default\\intermediates\\res\\default\\module_compiled\\3936051609266457965","type":"file","isSymbolicLink":false,"fileMetaData":{"size":192,"lastModifiedTime":1751525076433}},{"hashValue":"1d4bf14e8c41072144f128bcc8b884e8","name":"4274655601671219209","path":"D:\\huaweihongmeng\\cemenghui\\entry\\.preview\\default\\intermediates\\res\\default\\module_compiled\\4274655601671219209","type":"file","isSymbolicLink":false,"fileMetaData":{"size":183,"lastModifiedTime":1751525076432}},{"hashValue":"07ee60d8c585f9412cfd37eff914cdd1","name":"4394566874538782990","path":"D:\\huaweihongmeng\\cemenghui\\entry\\.preview\\default\\intermediates\\res\\default\\module_compiled\\4394566874538782990","type":"file","isSymbolicLink":false,"fileMetaData":{"size":195,"lastModifiedTime":1751525076435}},{"hashValue":"1f38d6f8876b6098c7783d290bc738eb","name":"520608948523883140","path":"D:\\huaweihongmeng\\cemenghui\\entry\\.preview\\default\\intermediates\\res\\default\\module_compiled\\520608948523883140","type":"file","isSymbolicLink":false,"fileMetaData":{"size":195,"lastModifiedTime":1751525076432}},{"hashValue":"692a3988fbdd75d8f3e2c0af5c48d7b2","name":"5674532709233554757","path":"D:\\huaweihongmeng\\cemenghui\\entry\\.preview\\default\\intermediates\\res\\default\\module_compiled\\5674532709233554757","type":"file","isSymbolicLink":false,"fileMetaData":{"size":189,"lastModifiedTime":1751525076435}},{"hashValue":"9b5f6d01e3315edc407d7fb738186544","name":"5932689948333609589","path":"D:\\huaweihongmeng\\cemenghui\\entry\\.preview\\default\\intermediates\\res\\default\\module_compiled\\5932689948333609589","type":"file","isSymbolicLink":false,"fileMetaData":{"size":183,"lastModifiedTime":1751525076434}},{"hashValue":"6dee74f5af5cd8e83898151f5a46404b","name":"645543503064884698","path":"D:\\huaweihongmeng\\cemenghui\\entry\\.preview\\default\\intermediates\\res\\default\\module_compiled\\645543503064884698","type":"file","isSymbolicLink":false,"fileMetaData":{"size":189,"lastModifiedTime":1751525076434}},{"hashValue":"26ce6019eab9bf187214c4cd090279c5","name":"6545018441573300463","path":"D:\\huaweihongmeng\\cemenghui\\entry\\.preview\\default\\intermediates\\res\\default\\module_compiled\\6545018441573300463","type":"file","isSymbolicLink":false,"fileMetaData":{"size":207,"lastModifiedTime":1751525076435}},{"hashValue":"176d346198b7f7d66ec8148e208ccf5d","name":"7029858903789938387","path":"D:\\huaweihongmeng\\cemenghui\\entry\\.preview\\default\\intermediates\\res\\default\\module_compiled\\7029858903789938387","type":"file","isSymbolicLink":false,"fileMetaData":{"size":134,"lastModifiedTime":1751525076430}},{"hashValue":"efeddba26d2b0eb1f52e8ad09e779ceb","name":"8012548854103725574","path":"D:\\huaweihongmeng\\cemenghui\\entry\\.preview\\default\\intermediates\\res\\default\\module_compiled\\8012548854103725574","type":"file","isSymbolicLink":false,"fileMetaData":{"size":189,"lastModifiedTime":1751525076435}},{"hashValue":"c6200b5bfd38d30b18739080a741f0da","name":"8127346792685135690","path":"D:\\huaweihongmeng\\cemenghui\\entry\\.preview\\default\\intermediates\\res\\default\\module_compiled\\8127346792685135690","type":"file","isSymbolicLink":false,"fileMetaData":{"size":192,"lastModifiedTime":1751525076435}},{"hashValue":"6df654bc3a093b2c66ae8fb3d77748d5","name":"9144423583256585188","path":"D:\\huaweihongmeng\\cemenghui\\entry\\.preview\\default\\intermediates\\res\\default\\module_compiled\\9144423583256585188","type":"file","isSymbolicLink":false,"fileMetaData":{"size":214,"lastModifiedTime":1751525076436}}]},{"hashValue":"f063063bfea290dad8008b364fb0deb0","name":"module.json","path":"D:\\huaweihongmeng\\cemenghui\\entry\\.preview\\default\\intermediates\\res\\default\\module.json","type":"file","isSymbolicLink":false,"fileMetaData":{"size":1687,"lastModifiedTime":1751525076540}},{"hashValue":"dd56e4721065bc4fdfe4f59daed8c5a2","name":"resources","path":"D:\\huaweihongmeng\\cemenghui\\entry\\.preview\\default\\intermediates\\res\\default\\resources","type":"directory","isSymbolicLink":false,"children":[{"hashValue":"c41ec9feb8cd96f44e4a9709deec1f2a","name":"base","path":"D:\\huaweihongmeng\\cemenghui\\entry\\.preview\\default\\intermediates\\res\\default\\resources\\base","type":"directory","isSymbolicLink":false,"children":[{"hashValue":"8584ae4e8058fe5d7db3ee2f9d54d03d","name":"media","path":"D:\\huaweihongmeng\\cemenghui\\entry\\.preview\\default\\intermediates\\res\\default\\resources\\base\\media","type":"directory","isSymbolicLink":false,"children":[{"hashValue":"63755f718aafd62cf65de5e8c1b81673","name":"layered_image.json","path":"D:\\huaweihongmeng\\cemenghui\\entry\\.preview\\default\\intermediates\\res\\default\\resources\\base\\media\\layered_image.json","type":"file","isSymbolicLink":false,"fileMetaData":{"size":95,"lastModifiedTime":1751525076495}}]},{"hashValue":"d412ff0b2cdd4b30eb38d9e53ab8aea7","name":"profile","path":"D:\\huaweihongmeng\\cemenghui\\entry\\.preview\\default\\intermediates\\res\\default\\resources\\base\\profile","type":"directory","isSymbolicLink":false,"children":[{"hashValue":"1c6946c1e9584472e6e1c1cf69b9e961","name":"backup_config.json","path":"D:\\huaweihongmeng\\cemenghui\\entry\\.preview\\default\\intermediates\\res\\default\\resources\\base\\profile\\backup_config.json","type":"file","isSymbolicLink":false,"fileMetaData":{"size":36,"lastModifiedTime":1751268396474}},{"hashValue":"60a4d85a61172cc95f3b8160d83551fa","name":"main_pages.json","path":"D:\\huaweihongmeng\\cemenghui\\entry\\.preview\\default\\intermediates\\res\\default\\resources\\base\\profile\\main_pages.json","type":"file","isSymbolicLink":false,"fileMetaData":{"size":43,"lastModifiedTime":1751525076517}}]}]},{"hashValue":"2ce811c1a58a436de5200c011ec69d75","name":"rawfile","path":"D:\\huaweihongmeng\\cemenghui\\entry\\.preview\\default\\intermediates\\res\\default\\resources\\rawfile","type":"directory","isSymbolicLink":false,"children":[{"hashValue":"7f43d61c905fe0d5c11ece97ac73ba40","name":"member_descriptions.json","path":"D:\\huaweihongmeng\\cemenghui\\entry\\.preview\\default\\intermediates\\res\\default\\resources\\rawfile\\member_descriptions.json","type":"file","isSymbolicLink":false,"fileMetaData":{"size":2740,"lastModifiedTime":1751523756762}}]}]},{"hashValue":"7db510bd605aa150317c15f6b07d3a61","name":"resources.index","path":"D:\\huaweihongmeng\\cemenghui\\entry\\.preview\\default\\intermediates\\res\\default\\resources.index","type":"file","isSymbolicLink":false,"fileMetaData":{"size":4041,"lastModifiedTime":1751525076495}},{"hashValue":"8625937e85af779080d5427f28ea0bfa","name":"ResourceTable.txt","path":"D:\\huaweihongmeng\\cemenghui\\entry\\.preview\\default\\intermediates\\res\\default\\ResourceTable.txt","type":"file","isSymbolicLink":false,"fileMetaData":{"size":1051,"lastModifiedTime":1751525076496}}]},"D:\\huaweihongmeng\\cemenghui\\entry\\.preview\\default\\generated\\r\\default":{"hashValue":"cda15505dd9994519f84e5c44ba38967","name":"default","path":"D:\\huaweihongmeng\\cemenghui\\entry\\.preview\\default\\generated\\r\\default","type":"directory","isSymbolicLink":false,"children":[{"hashValue":"58015a47b4979c3d9a2a85516d0276c4","name":"ResourceTable.h","path":"D:\\huaweihongmeng\\cemenghui\\entry\\.preview\\default\\generated\\r\\default\\ResourceTable.h","type":"file","isSymbolicLink":false,"fileMetaData":{"size":2403,"lastModifiedTime":1751525076496}}]},"D:\\huaweihongmeng\\cemenghui\\entry\\src\\main\\resources\\base\\profile":{"hashValue":"e59e6525027ba6f7109ca58aa7af32e1","name":"profile","path":"D:\\huaweihongmeng\\cemenghui\\entry\\src\\main\\resources\\base\\profile","type":"directory","isSymbolicLink":false,"children":[{"hashValue":"1c6946c1e9584472e6e1c1cf69b9e961","name":"backup_config.json","path":"D:\\huaweihongmeng\\cemenghui\\entry\\src\\main\\resources\\base\\profile\\backup_config.json","type":"file","isSymbolicLink":false,"fileMetaData":{"size":36,"lastModifiedTime":1751268396474}},{"hashValue":"2357ec7c9d2ecf66e684f519ef4d15d2","name":"main_pages.json","path":"D:\\huaweihongmeng\\cemenghui\\entry\\src\\main\\resources\\base\\profile\\main_pages.json","type":"file","isSymbolicLink":false,"fileMetaData":{"size":62,"lastModifiedTime":1751343072949}}]},"D:\\huaweihongmeng\\cemenghui\\entry\\.preview\\default\\intermediates\\res\\default\\resources\\base\\profile":{"hashValue":"d412ff0b2cdd4b30eb38d9e53ab8aea7","name":"profile","path":"D:\\huaweihongmeng\\cemenghui\\entry\\.preview\\default\\intermediates\\res\\default\\resources\\base\\profile","type":"directory","isSymbolicLink":false,"children":[{"hashValue":"1c6946c1e9584472e6e1c1cf69b9e961","name":"backup_config.json","path":"D:\\huaweihongmeng\\cemenghui\\entry\\.preview\\default\\intermediates\\res\\default\\resources\\base\\profile\\backup_config.json","type":"file","isSymbolicLink":false,"fileMetaData":{"size":36,"lastModifiedTime":1751268396474}},{"hashValue":"60a4d85a61172cc95f3b8160d83551fa","name":"main_pages.json","path":"D:\\huaweihongmeng\\cemenghui\\entry\\.preview\\default\\intermediates\\res\\default\\resources\\base\\profile\\main_pages.json","type":"file","isSymbolicLink":false,"fileMetaData":{"size":43,"lastModifiedTime":1751525076517}}]},"D:\\huaweihongmeng\\cemenghui\\entry\\.preview\\default\\intermediates\\res\\default\\module.json":{"hashValue":"f063063bfea290dad8008b364fb0deb0","name":"module.json","path":"D:\\huaweihongmeng\\cemenghui\\entry\\.preview\\default\\intermediates\\res\\default\\module.json","type":"file","isSymbolicLink":false,"fileMetaData":{"size":1687,"lastModifiedTime":1751525076540}},"D:\\huaweihongmeng\\cemenghui\\entry\\.preview\\default\\intermediates\\res\\default\\resources\\base\\profile\\main_pages.json":{"hashValue":"60a4d85a61172cc95f3b8160d83551fa","name":"main_pages.json","path":"D:\\huaweihongmeng\\cemenghui\\entry\\.preview\\default\\intermediates\\res\\default\\resources\\base\\profile\\main_pages.json","type":"file","isSymbolicLink":false,"fileMetaData":{"size":43,"lastModifiedTime":1751525076517}},"D:\\huaweihongmeng\\cemenghui\\entry\\.preview\\default\\intermediates\\loader\\default":{"hashValue":"f748e81f4f1b168d3aef935fa5dd6b80","name":"default","path":"D:\\huaweihongmeng\\cemenghui\\entry\\.preview\\default\\intermediates\\loader\\default","type":"directory","isSymbolicLink":false,"children":[{"hashValue":"4fa0090b6bd394ba81a5af9449ef405a","name":"loader.json","path":"D:\\huaweihongmeng\\cemenghui\\entry\\.preview\\default\\intermediates\\loader\\default\\loader.json","type":"file","isSymbolicLink":false,"fileMetaData":{"size":811,"lastModifiedTime":1751524888691}},{"hashValue":"a53cf0cbdc7f11dfe30d7abc92b561d7","name":"pkgContextInfo.json","path":"D:\\huaweihongmeng\\cemenghui\\entry\\.preview\\default\\intermediates\\loader\\default\\pkgContextInfo.json","type":"file","isSymbolicLink":false,"fileMetaData":{"size":444,"lastModifiedTime":1751522810649}}]},"D:\\huaweihongmeng\\cemenghui\\entry\\.preview\\default\\intermediates\\res\\default\\ResourceTable.txt":{"hashValue":"8625937e85af779080d5427f28ea0bfa","name":"ResourceTable.txt","path":"D:\\huaweihongmeng\\cemenghui\\entry\\.preview\\default\\intermediates\\res\\default\\ResourceTable.txt","type":"file","isSymbolicLink":false,"fileMetaData":{"size":1051,"lastModifiedTime":1751525076496}},"D:\\huaweihongmeng\\cemenghui\\entry\\src\\main\\ets":{"hashValue":"ecc22a86c71df0a3b2f1dfbf74307c39","name":"ets","path":"D:\\huaweihongmeng\\cemenghui\\entry\\src\\main\\ets","type":"directory","isSymbolicLink":false,"children":[{"hashValue":"b7e94f2b88cc2b2f561defb06eb2d4a2","name":"entryability","path":"D:\\huaweihongmeng\\cemenghui\\entry\\src\\main\\ets\\entryability","type":"directory","isSymbolicLink":false,"children":[{"hashValue":"d62db8f82442b74c7c9849f4edc1c7e2","name":"EntryAbility.ets","path":"D:\\huaweihongmeng\\cemenghui\\entry\\src\\main\\ets\\entryability\\EntryAbility.ets","type":"file","isSymbolicLink":false,"fileMetaData":{"size":1623,"lastModifiedTime":1751268396451}}]},{"hashValue":"ad4ebaf5055137c823dab313f313e185","name":"entrybackupability","path":"D:\\huaweihongmeng\\cemenghui\\entry\\src\\main\\ets\\entrybackupability","type":"directory","isSymbolicLink":false,"children":[{"hashValue":"1ab79f41c9ff480e45312be8398e34e9","name":"EntryBackupAbility.ets","path":"D:\\huaweihongmeng\\cemenghui\\entry\\src\\main\\ets\\entrybackupability\\EntryBackupAbility.ets","type":"file","isSymbolicLink":false,"fileMetaData":{"size":522,"lastModifiedTime":1751268397155}}]},{"hashValue":"f5b8325f2b5388db31e4e98f3f97e184","name":"model","path":"D:\\huaweihongmeng\\cemenghui\\entry\\src\\main\\ets\\model","type":"directory","isSymbolicLink":false,"children":[{"hashValue":"a12b5563848d18e9e4f6097c63563d53","name":"Types.ets","path":"D:\\huaweihongmeng\\cemenghui\\entry\\src\\main\\ets\\model\\Types.ets","type":"file","isSymbolicLink":false,"fileMetaData":{"size":1300,"lastModifiedTime":1751343577333}}]},{"hashValue":"b5e9566389c20d1557d67a018797d431","name":"pages","path":"D:\\huaweihongmeng\\cemenghui\\entry\\src\\main\\ets\\pages","type":"directory","isSymbolicLink":false,"children":[{"hashValue":"a517f39b1e662d2fd99ae34dfe917019","name":"DetailPage.ets","path":"D:\\huaweihongmeng\\cemenghui\\entry\\src\\main\\ets\\pages\\DetailPage.ets","type":"file","isSymbolicLink":false,"fileMetaData":{"size":1743,"lastModifiedTime":1751524966870}},{"hashValue":"69ce11dc9b22e9e1c08bd2839ca87f54","name":"Index.ets","path":"D:\\huaweihongmeng\\cemenghui\\entry\\src\\main\\ets\\pages\\Index.ets","type":"file","isSymbolicLink":false,"fileMetaData":{"size":2488,"lastModifiedTime":1751340691617}}]},{"hashValue":"53cbb5ac16b16465395e648277da92b6","name":"view","path":"D:\\huaweihongmeng\\cemenghui\\entry\\src\\main\\ets\\view","type":"directory","isSymbolicLink":false,"children":[{"hashValue":"3a48e7444c292523ce36124673c2975f","name":"CooperationContent.ets","path":"D:\\huaweihongmeng\\cemenghui\\entry\\src\\main\\ets\\view\\CooperationContent.ets","type":"file","isSymbolicLink":false,"fileMetaData":{"size":1875,"lastModifiedTime":1751359982335}},{"hashValue":"b640f30aced45bc4ac66f18c444a2ea0","name":"HomeContent.ets","path":"D:\\huaweihongmeng\\cemenghui\\entry\\src\\main\\ets\\view\\HomeContent.ets","type":"file","isSymbolicLink":false,"fileMetaData":{"size":3261,"lastModifiedTime":1751360256471}},{"hashValue":"7c2a74de9bd7b302d4f71199f4bc7db9","name":"NewsContent.ets","path":"D:\\huaweihongmeng\\cemenghui\\entry\\src\\main\\ets\\view\\NewsContent.ets","type":"file","isSymbolicLink":false,"fileMetaData":{"size":181,"lastModifiedTime":1751352075209}},{"hashValue":"c55d6fc1b75153241315dba215a6212e","name":"TechContent.ets","path":"D:\\huaweihongmeng\\cemenghui\\entry\\src\\main\\ets\\view\\TechContent.ets","type":"file","isSymbolicLink":false,"fileMetaData":{"size":181,"lastModifiedTime":1751352097551}}]}]},"D:\\huaweihongmeng\\cemenghui\\entry\\build\\default\\intermediates\\hap_metadata\\default\\output_metadata.json":{"hashValue":"dd1e30457a67ce33f4093f359d24d03a","name":"output_metadata.json","path":"D:\\huaweihongmeng\\cemenghui\\entry\\build\\default\\intermediates\\hap_metadata\\default\\output_metadata.json","type":"file","isSymbolicLink":false,"fileMetaData":{"size":100,"lastModifiedTime":1751273460204}},"D:\\huaweihongmeng\\cemenghui\\entry\\build\\default\\intermediates\\merge_profile\\default\\module.json":{"hashValue":"a35c7cfd6443c7b55d03c72d16646a57","name":"module.json","path":"D:\\huaweihongmeng\\cemenghui\\entry\\build\\default\\intermediates\\merge_profile\\default\\module.json","type":"file","isSymbolicLink":false,"fileMetaData":{"size":1578,"lastModifiedTime":1751418970427}},"D:\\huaweihongmeng\\cemenghui\\entry\\build\\default\\generated\\profile\\default\\BuildProfile.ets":{"hashValue":"0e27161657d01bf12f771778927c3eed","name":"BuildProfile.ets","path":"D:\\huaweihongmeng\\cemenghui\\entry\\build\\default\\generated\\profile\\default\\BuildProfile.ets","type":"file","isSymbolicLink":false,"fileMetaData":{"size":864,"lastModifiedTime":1751418970433}},"D:\\huaweihongmeng\\cemenghui\\entry\\build\\default\\intermediates\\loader\\default\\pkgContextInfo.json":{"hashValue":"6ce60b4a3738126d40c7e4ef0e1a9981","name":"pkgContextInfo.json","path":"D:\\huaweihongmeng\\cemenghui\\entry\\build\\default\\intermediates\\loader\\default\\pkgContextInfo.json","type":"file","isSymbolicLink":false,"fileMetaData":{"size":444,"lastModifiedTime":1751418970442}},"D:\\huaweihongmeng\\cemenghui\\entry\\src\\main\\resources\\base\\profile\\backup_config.json":{"hashValue":"1c6946c1e9584472e6e1c1cf69b9e961","name":"backup_config.json","path":"D:\\huaweihongmeng\\cemenghui\\entry\\src\\main\\resources\\base\\profile\\backup_config.json","type":"file","isSymbolicLink":false,"fileMetaData":{"size":36,"lastModifiedTime":1751268396474}},"D:\\huaweihongmeng\\cemenghui\\entry\\build\\default\\outputs\\default\\pack.info":{"hashValue":"1ca1d5a28699b9e1520a6fe62f58b2ce","name":"pack.info","path":"D:\\huaweihongmeng\\cemenghui\\entry\\build\\default\\outputs\\default\\pack.info","type":"file","isSymbolicLink":false,"fileMetaData":{"size":638,"lastModifiedTime":1751273460246}},"D:\\huaweihongmeng\\DevEco Studio\\sdk\\default\\openharmony\\toolchains\\syscap_tool.exe":{"hashValue":"34ee228ed06c828a36079b4581fe4061","name":"syscap_tool.exe","path":"D:\\huaweihongmeng\\DevEco Studio\\sdk\\default\\openharmony\\toolchains\\syscap_tool.exe","type":"file","isSymbolicLink":false,"fileMetaData":{"size":362408,"lastModifiedTime":1747084391000}},"D:\\huaweihongmeng\\DevEco Studio\\sdk\\default\\openharmony\\ets\\api\\device-define":{"hashValue":"00a5b12fe605091a099cf138d259d4e4","name":"device-define","path":"D:\\huaweihongmeng\\DevEco Studio\\sdk\\default\\openharmony\\ets\\api\\device-define","type":"directory","isSymbolicLink":false,"children":[{"hashValue":"842914dcbfa4943c0b26051fcd651e54","name":"default.json","path":"D:\\huaweihongmeng\\DevEco Studio\\sdk\\default\\openharmony\\ets\\api\\device-define\\default.json","type":"file","isSymbolicLink":false,"fileMetaData":{"size":12543,"lastModifiedTime":1747084391000}},{"hashValue":"94d24998c8af81f4f0537f277d3fa2ff","name":"liteWearable.json","path":"D:\\huaweihongmeng\\DevEco Studio\\sdk\\default\\openharmony\\ets\\api\\device-define\\liteWearable.json","type":"file","isSymbolicLink":false,"fileMetaData":{"size":949,"lastModifiedTime":1747084391000}},{"hashValue":"af2049915f3c966f04e39bca9eb1bb38","name":"tablet.json","path":"D:\\huaweihongmeng\\DevEco Studio\\sdk\\default\\openharmony\\ets\\api\\device-define\\tablet.json","type":"file","isSymbolicLink":false,"fileMetaData":{"size":12056,"lastModifiedTime":1747084391000}},{"hashValue":"4654773e1b818594d3231c9cd1a439a3","name":"wearable.json","path":"D:\\huaweihongmeng\\DevEco Studio\\sdk\\default\\openharmony\\ets\\api\\device-define\\wearable.json","type":"file","isSymbolicLink":false,"fileMetaData":{"size":10768,"lastModifiedTime":1747084391000}}]},"D:\\huaweihongmeng\\cemenghui\\entry\\build\\default\\intermediates\\process_profile\\default\\module.json":{"hashValue":"0eeca2b36f83e7ff41234c9c0b9dc4be","name":"module.json","path":"D:\\huaweihongmeng\\cemenghui\\entry\\build\\default\\intermediates\\process_profile\\default\\module.json","type":"file","isSymbolicLink":false,"fileMetaData":{"size":1664,"lastModifiedTime":1751418970607}},"D:\\huaweihongmeng\\cemenghui\\entry\\build\\default\\intermediates\\router_map\\default\\temp-router-map.json":{"hashValue":"9a52413151af3cc05b8b518473b13b59","name":"temp-router-map.json","path":"D:\\huaweihongmeng\\cemenghui\\entry\\build\\default\\intermediates\\router_map\\default\\temp-router-map.json","type":"file","isSymbolicLink":false,"fileMetaData":{"size":16,"lastModifiedTime":1751418970615}},"D:\\huaweihongmeng\\cemenghui\\entry\\build\\default\\intermediates\\router_map\\default\\loader-router-map.json":{"hashValue":"ddb3f6fc5a1b9f8b4e14ff1d48a9d11b","name":"loader-router-map.json","path":"D:\\huaweihongmeng\\cemenghui\\entry\\build\\default\\intermediates\\router_map\\default\\loader-router-map.json","type":"file","isSymbolicLink":false,"fileMetaData":{"size":16,"lastModifiedTime":1751418970615}},"D:\\huaweihongmeng\\cemenghui\\entry\\build\\default\\intermediates\\res\\default\\resConfig.json":{"hashValue":"170f2da7729910dc694c1f0907173598","name":"resConfig.json","path":"D:\\huaweihongmeng\\cemenghui\\entry\\build\\default\\intermediates\\res\\default\\resConfig.json","type":"file","isSymbolicLink":false,"fileMetaData":{"size":1023,"lastModifiedTime":1751273460416}},"D:\\huaweihongmeng\\cemenghui\\entry\\build\\default\\intermediates\\res\\default\\opt-compression.json":{"hashValue":"03c39f74736fd4794987f87e9c203f39","name":"opt-compression.json","path":"D:\\huaweihongmeng\\cemenghui\\entry\\build\\default\\intermediates\\res\\default\\opt-compression.json","type":"file","isSymbolicLink":false,"fileMetaData":{"size":188,"lastModifiedTime":1751273460416}},"D:\\huaweihongmeng\\cemenghui\\entry\\build\\default\\intermediates\\loader\\default\\loader.json":{"hashValue":"94d3babfb4d5d37c1e694b8b51b7ca39","name":"loader.json","path":"D:\\huaweihongmeng\\cemenghui\\entry\\build\\default\\intermediates\\loader\\default\\loader.json","type":"file","isSymbolicLink":false,"fileMetaData":{"size":901,"lastModifiedTime":1751418970656}},"D:\\huaweihongmeng\\cemenghui\\entry\\build\\default\\intermediates\\libs\\default":{"hashValue":"","name":"default","path":"D:\\huaweihongmeng\\cemenghui\\entry\\build\\default\\intermediates\\libs\\default","type":"directory","isSymbolicLink":false,"children":[]},"D:\\huaweihongmeng\\cemenghui\\AppScope\\resources":{"hashValue":"59be5469752304d4f0e6ce41da27ebec","name":"resources","path":"D:\\huaweihongmeng\\cemenghui\\AppScope\\resources","type":"directory","isSymbolicLink":false,"children":[{"hashValue":"828e43bdd0f1e657a48c64eb1ce2939c","name":"base","path":"D:\\huaweihongmeng\\cemenghui\\AppScope\\resources\\base","type":"directory","isSymbolicLink":false,"children":[{"hashValue":"b68ac5d598f1a5f09726124de789c223","name":"element","path":"D:\\huaweihongmeng\\cemenghui\\AppScope\\resources\\base\\element","type":"directory","isSymbolicLink":false,"children":[{"hashValue":"590ba9104a14c054c461b07de2de93dd","name":"string.json","path":"D:\\huaweihongmeng\\cemenghui\\AppScope\\resources\\base\\element\\string.json","type":"file","isSymbolicLink":false,"fileMetaData":{"size":95,"lastModifiedTime":1751268396276}}]},{"hashValue":"ee3ce30446f2d87f0c82853ce67d5b20","name":"media","path":"D:\\huaweihongmeng\\cemenghui\\AppScope\\resources\\base\\media","type":"directory","isSymbolicLink":false,"children":[{"hashValue":"f8ed3c6690fef1310b40ea621cafc586","name":"background.png","path":"D:\\huaweihongmeng\\cemenghui\\AppScope\\resources\\base\\media\\background.png","type":"file","isSymbolicLink":false,"fileMetaData":{"size":91942,"lastModifiedTime":1751268396257}},{"hashValue":"e07814318859fa5573e998b20f0dd525","name":"foreground.png","path":"D:\\huaweihongmeng\\cemenghui\\AppScope\\resources\\base\\media\\foreground.png","type":"file","isSymbolicLink":false,"fileMetaData":{"size":8805,"lastModifiedTime":1751268396262}},{"hashValue":"b5dc3c42ab3d5067ce89d7dfb7517bf9","name":"layered_image.json","path":"D:\\huaweihongmeng\\cemenghui\\AppScope\\resources\\base\\media\\layered_image.json","type":"file","isSymbolicLink":false,"fileMetaData":{"size":109,"lastModifiedTime":1751268396266}}]}]}]},"D:\\huaweihongmeng\\cemenghui\\entry\\build\\default\\intermediates\\res\\default":{"hashValue":"0c96291c8f42bfa2be2e06e477b0fad3","name":"default","path":"D:\\huaweihongmeng\\cemenghui\\entry\\build\\default\\intermediates\\res\\default","type":"directory","isSymbolicLink":false,"children":[{"hashValue":"21c0f48ba1eea4b7a49a40c4a970b427","name":".caches","path":"D:\\huaweihongmeng\\cemenghui\\entry\\build\\default\\intermediates\\res\\default\\.caches","type":"directory","isSymbolicLink":false,"children":[{"hashValue":"8244ba8950b0e6cc7e697f5a79a301a1","name":"base","path":"D:\\huaweihongmeng\\cemenghui\\entry\\build\\default\\intermediates\\res\\default\\.caches\\base","type":"directory","isSymbolicLink":false,"children":[{"hashValue":"80c83c2323c7817b0f4d47aedf7e3de9","name":"media","path":"D:\\huaweihongmeng\\cemenghui\\entry\\build\\default\\intermediates\\res\\default\\.caches\\base\\media","type":"directory","isSymbolicLink":false,"children":[{"hashValue":"3b5834cfc9ab26da601c8de6f93988e8","name":"background.png","path":"D:\\huaweihongmeng\\cemenghui\\entry\\build\\default\\intermediates\\res\\default\\.caches\\base\\media\\background.png","type":"file","isSymbolicLink":false,"fileMetaData":{"size":70283,"lastModifiedTime":1751418971002}},{"hashValue":"88e2c7785e1d49c36b3333d8d63a6e87","name":"foreground.png","path":"D:\\huaweihongmeng\\cemenghui\\entry\\build\\default\\intermediates\\res\\default\\.caches\\base\\media\\foreground.png","type":"file","isSymbolicLink":false,"fileMetaData":{"size":9325,"lastModifiedTime":1751418971036}}]}]}]},{"hashValue":"af208f38b82145893ea1bc0471a9d7b9","name":"ark_module.json","path":"D:\\huaweihongmeng\\cemenghui\\entry\\build\\default\\intermediates\\res\\default\\ark_module.json","type":"file","isSymbolicLink":false,"fileMetaData":{"size":1319,"lastModifiedTime":1751418970607}},{"hashValue":"b1b4a9a0fd396345175ca6299eaf5292","name":"ids_map","path":"D:\\huaweihongmeng\\cemenghui\\entry\\build\\default\\intermediates\\res\\default\\ids_map","type":"directory","isSymbolicLink":false,"children":[{"hashValue":"050c8d4894f733603b8f44ba37d13307","name":"id_defined.json","path":"D:\\huaweihongmeng\\cemenghui\\entry\\build\\default\\intermediates\\res\\default\\ids_map\\id_defined.json","type":"file","isSymbolicLink":false,"fileMetaData":{"size":3619,"lastModifiedTime":1751418971042}}]},{"hashValue":"f1e98630c8f730214868259d48044363","name":"module.json","path":"D:\\huaweihongmeng\\cemenghui\\entry\\build\\default\\intermediates\\res\\default\\module.json","type":"file","isSymbolicLink":false,"fileMetaData":{"size":1844,"lastModifiedTime":1751418970967}},{"hashValue":"03c39f74736fd4794987f87e9c203f39","name":"opt-compression.json","path":"D:\\huaweihongmeng\\cemenghui\\entry\\build\\default\\intermediates\\res\\default\\opt-compression.json","type":"file","isSymbolicLink":false,"fileMetaData":{"size":188,"lastModifiedTime":1751273460416}},{"hashValue":"170f2da7729910dc694c1f0907173598","name":"resConfig.json","path":"D:\\huaweihongmeng\\cemenghui\\entry\\build\\default\\intermediates\\res\\default\\resConfig.json","type":"file","isSymbolicLink":false,"fileMetaData":{"size":1023,"lastModifiedTime":1751273460416}},{"hashValue":"9ab6ecd816e3a89c70005a015f2e2803","name":"resources","path":"D:\\huaweihongmeng\\cemenghui\\entry\\build\\default\\intermediates\\res\\default\\resources","type":"directory","isSymbolicLink":false,"children":[{"hashValue":"d3dab0dc99d9996498a01245d0037360","name":"base","path":"D:\\huaweihongmeng\\cemenghui\\entry\\build\\default\\intermediates\\res\\default\\resources\\base","type":"directory","isSymbolicLink":false,"children":[{"hashValue":"e1dd3a8ca6da8cbde829d1602860a872","name":"media","path":"D:\\huaweihongmeng\\cemenghui\\entry\\build\\default\\intermediates\\res\\default\\resources\\base\\media","type":"directory","isSymbolicLink":false,"children":[{"hashValue":"3b5834cfc9ab26da601c8de6f93988e8","name":"background.png","path":"D:\\huaweihongmeng\\cemenghui\\entry\\build\\default\\intermediates\\res\\default\\resources\\base\\media\\background.png","type":"file","isSymbolicLink":false,"fileMetaData":{"size":70283,"lastModifiedTime":1751418971002}},{"hashValue":"9d66a3566ea638105cf717ad0ca5f586","name":"bzzd.png","path":"D:\\huaweihongmeng\\cemenghui\\entry\\build\\default\\intermediates\\res\\default\\resources\\base\\media\\bzzd.png","type":"file","isSymbolicLink":false,"fileMetaData":{"size":18304,"lastModifiedTime":1751356325044}},{"hashValue":"805b05ca31337c863b7753b2a508d355","name":"chongqing.png","path":"D:\\huaweihongmeng\\cemenghui\\entry\\build\\default\\intermediates\\res\\default\\resources\\base\\media\\chongqing.png","type":"file","isSymbolicLink":false,"fileMetaData":{"size":2612,"lastModifiedTime":1751273083823}},{"hashValue":"0d660c85a63d32d349fb1eb5060ae3c5","name":"cmh.png","path":"D:\\huaweihongmeng\\cemenghui\\entry\\build\\default\\intermediates\\res\\default\\resources\\base\\media\\cmh.png","type":"file","isSymbolicLink":false,"fileMetaData":{"size":129094,"lastModifiedTime":1751271860368}},{"hashValue":"011720114aaba9347cc8ed728697d10a","name":"daopu.png","path":"D:\\huaweihongmeng\\cemenghui\\entry\\build\\default\\intermediates\\res\\default\\resources\\base\\media\\daopu.png","type":"file","isSymbolicLink":false,"fileMetaData":{"size":4622,"lastModifiedTime":1751273018374}},{"hashValue":"851f9b06df80dd1f0e3afd99b14d4b55","name":"earth_americas_off.svg","path":"D:\\huaweihongmeng\\cemenghui\\entry\\build\\default\\intermediates\\res\\default\\resources\\base\\media\\earth_americas_off.svg","type":"file","isSymbolicLink":false,"fileMetaData":{"size":818,"lastModifiedTime":1751270198910}},{"hashValue":"5cdc1eea6d644eefd4fe5945978b160a","name":"earth_americas_on.svg","path":"D:\\huaweihongmeng\\cemenghui\\entry\\build\\default\\intermediates\\res\\default\\resources\\base\\media\\earth_americas_on.svg","type":"file","isSymbolicLink":false,"fileMetaData":{"size":1029,"lastModifiedTime":1751270226333}},{"hashValue":"88e2c7785e1d49c36b3333d8d63a6e87","name":"foreground.png","path":"D:\\huaweihongmeng\\cemenghui\\entry\\build\\default\\intermediates\\res\\default\\resources\\base\\media\\foreground.png","type":"file","isSymbolicLink":false,"fileMetaData":{"size":9325,"lastModifiedTime":1751418971036}},{"hashValue":"7ae5be9e637a4b0db3f05756a3194430","name":"gjyf.png","path":"D:\\huaweihongmeng\\cemenghui\\entry\\build\\default\\intermediates\\res\\default\\resources\\base\\media\\gjyf.png","type":"file","isSymbolicLink":false,"fileMetaData":{"size":12276,"lastModifiedTime":1751356344450}},{"hashValue":"c74ccfbf0932cefe12cba026c1a50d86","name":"guxd.png","path":"D:\\huaweihongmeng\\cemenghui\\entry\\build\\default\\intermediates\\res\\default\\resources\\base\\media\\guxd.png","type":"file","isSymbolicLink":false,"fileMetaData":{"size":12856,"lastModifiedTime":1751356353090}},{"hashValue":"a824c28be72130c907b0116565e5cf76","name":"heart_off.svg","path":"D:\\huaweihongmeng\\cemenghui\\entry\\build\\default\\intermediates\\res\\default\\resources\\base\\media\\heart_off.svg","type":"file","isSymbolicLink":false,"fileMetaData":{"size":555,"lastModifiedTime":1751269970543}},{"hashValue":"f6f202b5e59df1996a895f998f79c876","name":"heart_on.svg","path":"D:\\huaweihongmeng\\cemenghui\\entry\\build\\default\\intermediates\\res\\default\\resources\\base\\media\\heart_on.svg","type":"file","isSymbolicLink":false,"fileMetaData":{"size":344,"lastModifiedTime":1751270004234}},{"hashValue":"a2faafa78df51921535ee9cc4559ad96","name":"home_off.svg","path":"D:\\huaweihongmeng\\cemenghui\\entry\\build\\default\\intermediates\\res\\default\\resources\\base\\media\\home_off.svg","type":"file","isSymbolicLink":false,"fileMetaData":{"size":428,"lastModifiedTime":1751269939675}},{"hashValue":"637a7a6067a2330c93f215a42d716567","name":"home_on.svg","path":"D:\\huaweihongmeng\\cemenghui\\entry\\build\\default\\intermediates\\res\\default\\resources\\base\\media\\home_on.svg","type":"file","isSymbolicLink":false,"fileMetaData":{"size":1027,"lastModifiedTime":1751269850421}},{"hashValue":"b3b6e52dd7d3dce1039b6153bfd87284","name":"hunan.png","path":"D:\\huaweihongmeng\\cemenghui\\entry\\build\\default\\intermediates\\res\\default\\resources\\base\\media\\hunan.png","type":"file","isSymbolicLink":false,"fileMetaData":{"size":9747,"lastModifiedTime":1751273044054}},{"hashValue":"f20a26dc0c6a120ed8b5f93eff185380","name":"hyyt.png","path":"D:\\huaweihongmeng\\cemenghui\\entry\\build\\default\\intermediates\\res\\default\\resources\\base\\media\\hyyt.png","type":"file","isSymbolicLink":false,"fileMetaData":{"size":18768,"lastModifiedTime":1751356315595}},{"hashValue":"eb07140daa923c8a171c825c7e63f158","name":"jiangsu.png","path":"D:\\huaweihongmeng\\cemenghui\\entry\\build\\default\\intermediates\\res\\default\\resources\\base\\media\\jiangsu.png","type":"file","isSymbolicLink":false,"fileMetaData":{"size":4553,"lastModifiedTime":1751273118646}},{"hashValue":"906c1cec4bc4c2f54d737eafe5e7e64e","name":"jilin.png","path":"D:\\huaweihongmeng\\cemenghui\\entry\\build\\default\\intermediates\\res\\default\\resources\\base\\media\\jilin.png","type":"file","isSymbolicLink":false,"fileMetaData":{"size":10056,"lastModifiedTime":1751273072734}},{"hashValue":"b54ebcb1148df631999064fa97cbdd71","name":"jspx.png","path":"D:\\huaweihongmeng\\cemenghui\\entry\\build\\default\\intermediates\\res\\default\\resources\\base\\media\\jspx.png","type":"file","isSymbolicLink":false,"fileMetaData":{"size":12035,"lastModifiedTime":1751356334309}},{"hashValue":"406fa60038beb9b6359ab66e9861ca19","name":"layered_image.json","path":"D:\\huaweihongmeng\\cemenghui\\entry\\build\\default\\intermediates\\res\\default\\resources\\base\\media\\layered_image.json","type":"file","isSymbolicLink":false,"fileMetaData":{"size":95,"lastModifiedTime":1751418970965}},{"hashValue":"e96046c9da39fab6fbea0599301403e5","name":"rthl.png","path":"D:\\huaweihongmeng\\cemenghui\\entry\\build\\default\\intermediates\\res\\default\\resources\\base\\media\\rthl.png","type":"file","isSymbolicLink":false,"fileMetaData":{"size":2748,"lastModifiedTime":1751273097278}},{"hashValue":"996ea0cc4597482b3b7ef01d5b2321d7","name":"shanghai_soft.png","path":"D:\\huaweihongmeng\\cemenghui\\entry\\build\\default\\intermediates\\res\\default\\resources\\base\\media\\shanghai_soft.png","type":"file","isSymbolicLink":false,"fileMetaData":{"size":6398,"lastModifiedTime":1751273062912}},{"hashValue":"1ded59ca54615e121d7976713bb8bd30","name":"shanghai.png","path":"D:\\huaweihongmeng\\cemenghui\\entry\\build\\default\\intermediates\\res\\default\\resources\\base\\media\\shanghai.png","type":"file","isSymbolicLink":false,"fileMetaData":{"size":3087,"lastModifiedTime":1751273031125}},{"hashValue":"6f4f4abdec96f249f59959f6bb0ee269","name":"startIcon.png","path":"D:\\huaweihongmeng\\cemenghui\\entry\\build\\default\\intermediates\\res\\default\\resources\\base\\media\\startIcon.png","type":"file","isSymbolicLink":false,"fileMetaData":{"size":20093,"lastModifiedTime":1751268396428}},{"hashValue":"ac5fae857b5e47e6f66cc2e7ac0b957e","name":"tech_off.svg","path":"D:\\huaweihongmeng\\cemenghui\\entry\\build\\default\\intermediates\\res\\default\\resources\\base\\media\\tech_off.svg","type":"file","isSymbolicLink":false,"fileMetaData":{"size":1027,"lastModifiedTime":1751270074247}},{"hashValue":"d300daa09f92360681e68e22b1959028","name":"tech_on.svg","path":"D:\\huaweihongmeng\\cemenghui\\entry\\build\\default\\intermediates\\res\\default\\resources\\base\\media\\tech_on.svg","type":"file","isSymbolicLink":false,"fileMetaData":{"size":938,"lastModifiedTime":1751270104442}},{"hashValue":"90fca33a44858302e9db26cc59fbc0dd","name":"xian863.png","path":"D:\\huaweihongmeng\\cemenghui\\entry\\build\\default\\intermediates\\res\\default\\resources\\base\\media\\xian863.png","type":"file","isSymbolicLink":false,"fileMetaData":{"size":9660,"lastModifiedTime":1751273110388}},{"hashValue":"3e2d2205e519a58bf61751001b24147f","name":"zero610.png","path":"D:\\huaweihongmeng\\cemenghui\\entry\\build\\default\\intermediates\\res\\default\\resources\\base\\media\\zero610.png","type":"file","isSymbolicLink":false,"fileMetaData":{"size":8782,"lastModifiedTime":1751273332996}},{"hashValue":"ac694f18ad25380b09f15c3e6f0d5bf0","name":"zist.png","path":"D:\\huaweihongmeng\\cemenghui\\entry\\build\\default\\intermediates\\res\\default\\resources\\base\\media\\zist.png","type":"file","isSymbolicLink":false,"fileMetaData":{"size":11221,"lastModifiedTime":1751273342198}}]},{"hashValue":"e59e6525027ba6f7109ca58aa7af32e1","name":"profile","path":"D:\\huaweihongmeng\\cemenghui\\entry\\build\\default\\intermediates\\res\\default\\resources\\base\\profile","type":"directory","isSymbolicLink":false,"children":[{"hashValue":"1c6946c1e9584472e6e1c1cf69b9e961","name":"backup_config.json","path":"D:\\huaweihongmeng\\cemenghui\\entry\\build\\default\\intermediates\\res\\default\\resources\\base\\profile\\backup_config.json","type":"file","isSymbolicLink":false,"fileMetaData":{"size":36,"lastModifiedTime":1751268396474}},{"hashValue":"2357ec7c9d2ecf66e684f519ef4d15d2","name":"main_pages.json","path":"D:\\huaweihongmeng\\cemenghui\\entry\\build\\default\\intermediates\\res\\default\\resources\\base\\profile\\main_pages.json","type":"file","isSymbolicLink":false,"fileMetaData":{"size":62,"lastModifiedTime":1751343072949}}]}]},{"hashValue":"","name":"rawfile","path":"D:\\huaweihongmeng\\cemenghui\\entry\\build\\default\\intermediates\\res\\default\\resources\\rawfile","type":"directory","isSymbolicLink":false,"children":[]}]},{"hashValue":"d11fad100480ed871feb5e3797c11346","name":"resources.index","path":"D:\\huaweihongmeng\\cemenghui\\entry\\build\\default\\intermediates\\res\\default\\resources.index","type":"file","isSymbolicLink":false,"fileMetaData":{"size":5237,"lastModifiedTime":1751418971041}},{"hashValue":"18d7b35307f171bee2dfa74d47a6a56e","name":"ResourceTable.txt","path":"D:\\huaweihongmeng\\cemenghui\\entry\\build\\default\\intermediates\\res\\default\\ResourceTable.txt","type":"file","isSymbolicLink":false,"fileMetaData":{"size":1349,"lastModifiedTime":1751418970965}}]},"D:\\huaweihongmeng\\cemenghui\\entry\\build\\default\\generated\\r\\default\\ResourceTable.h":{"hashValue":"34dfe7c1a352375cdf3d28a6bccdb5ce","name":"ResourceTable.h","path":"D:\\huaweihongmeng\\cemenghui\\entry\\build\\default\\generated\\r\\default\\ResourceTable.h","type":"file","isSymbolicLink":false,"fileMetaData":{"size":2888,"lastModifiedTime":1751418970965}},"D:\\huaweihongmeng\\cemenghui\\entry\\build\\default\\generated\\r\\default":{"hashValue":"b52e93907c64383dc117c513a90f785a","name":"default","path":"D:\\huaweihongmeng\\cemenghui\\entry\\build\\default\\generated\\r\\default","type":"directory","isSymbolicLink":false,"children":[{"hashValue":"34dfe7c1a352375cdf3d28a6bccdb5ce","name":"ResourceTable.h","path":"D:\\huaweihongmeng\\cemenghui\\entry\\build\\default\\generated\\r\\default\\ResourceTable.h","type":"file","isSymbolicLink":false,"fileMetaData":{"size":2888,"lastModifiedTime":1751418970965}}]},"D:\\huaweihongmeng\\cemenghui\\entry\\build\\default\\intermediates\\loader\\default":{"hashValue":"29fe6ea9020d463d5a2fb5758f6b5d51","name":"default","path":"D:\\huaweihongmeng\\cemenghui\\entry\\build\\default\\intermediates\\loader\\default","type":"directory","isSymbolicLink":false,"children":[{"hashValue":"94d3babfb4d5d37c1e694b8b51b7ca39","name":"loader.json","path":"D:\\huaweihongmeng\\cemenghui\\entry\\build\\default\\intermediates\\loader\\default\\loader.json","type":"file","isSymbolicLink":false,"fileMetaData":{"size":901,"lastModifiedTime":1751418970656}},{"hashValue":"6ce60b4a3738126d40c7e4ef0e1a9981","name":"pkgContextInfo.json","path":"D:\\huaweihongmeng\\cemenghui\\entry\\build\\default\\intermediates\\loader\\default\\pkgContextInfo.json","type":"file","isSymbolicLink":false,"fileMetaData":{"size":444,"lastModifiedTime":1751418970442}}]},"D:\\huaweihongmeng\\cemenghui\\entry\\build\\default\\intermediates\\res\\default\\resources\\rawfile":{"hashValue":"","name":"rawfile","path":"D:\\huaweihongmeng\\cemenghui\\entry\\build\\default\\intermediates\\res\\default\\resources\\rawfile","type":"directory","isSymbolicLink":false,"children":[]},"D:\\huaweihongmeng\\cemenghui\\entry\\build\\default\\intermediates\\res\\default\\ResourceTable.txt":{"hashValue":"18d7b35307f171bee2dfa74d47a6a56e","name":"ResourceTable.txt","path":"D:\\huaweihongmeng\\cemenghui\\entry\\build\\default\\intermediates\\res\\default\\ResourceTable.txt","type":"file","isSymbolicLink":false,"fileMetaData":{"size":1349,"lastModifiedTime":1751418970965}},"D:\\huaweihongmeng\\cemenghui\\entry\\build\\default\\intermediates\\res\\default\\ark_module.json":{"hashValue":"af208f38b82145893ea1bc0471a9d7b9","name":"ark_module.json","path":"D:\\huaweihongmeng\\cemenghui\\entry\\build\\default\\intermediates\\res\\default\\ark_module.json","type":"file","isSymbolicLink":false,"fileMetaData":{"size":1319,"lastModifiedTime":1751418970607}},"D:\\huaweihongmeng\\cemenghui\\entry\\build\\default\\intermediates\\res\\default\\resources\\base\\profile":{"hashValue":"e59e6525027ba6f7109ca58aa7af32e1","name":"profile","path":"D:\\huaweihongmeng\\cemenghui\\entry\\build\\default\\intermediates\\res\\default\\resources\\base\\profile","type":"directory","isSymbolicLink":false,"children":[{"hashValue":"1c6946c1e9584472e6e1c1cf69b9e961","name":"backup_config.json","path":"D:\\huaweihongmeng\\cemenghui\\entry\\build\\default\\intermediates\\res\\default\\resources\\base\\profile\\backup_config.json","type":"file","isSymbolicLink":false,"fileMetaData":{"size":36,"lastModifiedTime":1751268396474}},{"hashValue":"2357ec7c9d2ecf66e684f519ef4d15d2","name":"main_pages.json","path":"D:\\huaweihongmeng\\cemenghui\\entry\\build\\default\\intermediates\\res\\default\\resources\\base\\profile\\main_pages.json","type":"file","isSymbolicLink":false,"fileMetaData":{"size":62,"lastModifiedTime":1751343072949}}]},"D:\\huaweihongmeng\\cemenghui\\entry\\build\\default\\intermediates\\loader_out\\default\\ets":{"hashValue":"f74110a44439f6f6c04495fff8c8986e","name":"ets","path":"D:\\huaweihongmeng\\cemenghui\\entry\\build\\default\\intermediates\\loader_out\\default\\ets","type":"directory","isSymbolicLink":false,"children":[{"hashValue":"abdf2c9d407f9d738f585d4db7b3b9f5","name":"modules.abc","path":"D:\\huaweihongmeng\\cemenghui\\entry\\build\\default\\intermediates\\loader_out\\default\\ets\\modules.abc","type":"file","isSymbolicLink":false,"fileMetaData":{"size":53412,"lastModifiedTime":1751418976451}},{"hashValue":"e7208eab65cd5dfbbbf74944b965fe39","name":"sourceMaps.map","path":"D:\\huaweihongmeng\\cemenghui\\entry\\build\\default\\intermediates\\loader_out\\default\\ets\\sourceMaps.map","type":"file","isSymbolicLink":false,"fileMetaData":{"size":12163,"lastModifiedTime":1751418976398}}]},"D:\\huaweihongmeng\\cemenghui\\entry\\build\\default\\intermediates\\stripped_native_libs\\default":{"hashValue":"","name":"default","path":"D:\\huaweihongmeng\\cemenghui\\entry\\build\\default\\intermediates\\stripped_native_libs\\default","type":"directory","isSymbolicLink":false,"children":[]},"D:\\huaweihongmeng\\cemenghui\\entry\\build\\default\\intermediates\\patch\\default\\base_native_libs.json":{"hashValue":"93a799fd0d0dc4ec31136da8fd0b9294","name":"base_native_libs.json","path":"D:\\huaweihongmeng\\cemenghui\\entry\\build\\default\\intermediates\\patch\\default\\base_native_libs.json","type":"file","isSymbolicLink":false,"fileMetaData":{"size":25,"lastModifiedTime":1751273462936}},"D:\\huaweihongmeng\\cemenghui\\entry\\build\\default\\intermediates\\res\\default\\module.json":{"hashValue":"f1e98630c8f730214868259d48044363","name":"module.json","path":"D:\\huaweihongmeng\\cemenghui\\entry\\build\\default\\intermediates\\res\\default\\module.json","type":"file","isSymbolicLink":false,"fileMetaData":{"size":1844,"lastModifiedTime":1751418970967}},"D:\\huaweihongmeng\\cemenghui\\entry\\build\\default\\intermediates\\package\\default\\module.json":{"hashValue":"f1e98630c8f730214868259d48044363","name":"module.json","path":"D:\\huaweihongmeng\\cemenghui\\entry\\build\\default\\intermediates\\package\\default\\module.json","type":"file","isSymbolicLink":false,"fileMetaData":{"size":1844,"lastModifiedTime":1751418970967}},"D:\\huaweihongmeng\\cemenghui\\entry\\build\\default\\intermediates\\res\\default\\resources":{"hashValue":"9ab6ecd816e3a89c70005a015f2e2803","name":"resources","path":"D:\\huaweihongmeng\\cemenghui\\entry\\build\\default\\intermediates\\res\\default\\resources","type":"directory","isSymbolicLink":false,"children":[{"hashValue":"d3dab0dc99d9996498a01245d0037360","name":"base","path":"D:\\huaweihongmeng\\cemenghui\\entry\\build\\default\\intermediates\\res\\default\\resources\\base","type":"directory","isSymbolicLink":false,"children":[{"hashValue":"e1dd3a8ca6da8cbde829d1602860a872","name":"media","path":"D:\\huaweihongmeng\\cemenghui\\entry\\build\\default\\intermediates\\res\\default\\resources\\base\\media","type":"directory","isSymbolicLink":false,"children":[{"hashValue":"3b5834cfc9ab26da601c8de6f93988e8","name":"background.png","path":"D:\\huaweihongmeng\\cemenghui\\entry\\build\\default\\intermediates\\res\\default\\resources\\base\\media\\background.png","type":"file","isSymbolicLink":false,"fileMetaData":{"size":70283,"lastModifiedTime":1751418971002}},{"hashValue":"9d66a3566ea638105cf717ad0ca5f586","name":"bzzd.png","path":"D:\\huaweihongmeng\\cemenghui\\entry\\build\\default\\intermediates\\res\\default\\resources\\base\\media\\bzzd.png","type":"file","isSymbolicLink":false,"fileMetaData":{"size":18304,"lastModifiedTime":1751356325044}},{"hashValue":"805b05ca31337c863b7753b2a508d355","name":"chongqing.png","path":"D:\\huaweihongmeng\\cemenghui\\entry\\build\\default\\intermediates\\res\\default\\resources\\base\\media\\chongqing.png","type":"file","isSymbolicLink":false,"fileMetaData":{"size":2612,"lastModifiedTime":1751273083823}},{"hashValue":"0d660c85a63d32d349fb1eb5060ae3c5","name":"cmh.png","path":"D:\\huaweihongmeng\\cemenghui\\entry\\build\\default\\intermediates\\res\\default\\resources\\base\\media\\cmh.png","type":"file","isSymbolicLink":false,"fileMetaData":{"size":129094,"lastModifiedTime":1751271860368}},{"hashValue":"011720114aaba9347cc8ed728697d10a","name":"daopu.png","path":"D:\\huaweihongmeng\\cemenghui\\entry\\build\\default\\intermediates\\res\\default\\resources\\base\\media\\daopu.png","type":"file","isSymbolicLink":false,"fileMetaData":{"size":4622,"lastModifiedTime":1751273018374}},{"hashValue":"851f9b06df80dd1f0e3afd99b14d4b55","name":"earth_americas_off.svg","path":"D:\\huaweihongmeng\\cemenghui\\entry\\build\\default\\intermediates\\res\\default\\resources\\base\\media\\earth_americas_off.svg","type":"file","isSymbolicLink":false,"fileMetaData":{"size":818,"lastModifiedTime":1751270198910}},{"hashValue":"5cdc1eea6d644eefd4fe5945978b160a","name":"earth_americas_on.svg","path":"D:\\huaweihongmeng\\cemenghui\\entry\\build\\default\\intermediates\\res\\default\\resources\\base\\media\\earth_americas_on.svg","type":"file","isSymbolicLink":false,"fileMetaData":{"size":1029,"lastModifiedTime":1751270226333}},{"hashValue":"88e2c7785e1d49c36b3333d8d63a6e87","name":"foreground.png","path":"D:\\huaweihongmeng\\cemenghui\\entry\\build\\default\\intermediates\\res\\default\\resources\\base\\media\\foreground.png","type":"file","isSymbolicLink":false,"fileMetaData":{"size":9325,"lastModifiedTime":1751418971036}},{"hashValue":"7ae5be9e637a4b0db3f05756a3194430","name":"gjyf.png","path":"D:\\huaweihongmeng\\cemenghui\\entry\\build\\default\\intermediates\\res\\default\\resources\\base\\media\\gjyf.png","type":"file","isSymbolicLink":false,"fileMetaData":{"size":12276,"lastModifiedTime":1751356344450}},{"hashValue":"c74ccfbf0932cefe12cba026c1a50d86","name":"guxd.png","path":"D:\\huaweihongmeng\\cemenghui\\entry\\build\\default\\intermediates\\res\\default\\resources\\base\\media\\guxd.png","type":"file","isSymbolicLink":false,"fileMetaData":{"size":12856,"lastModifiedTime":1751356353090}},{"hashValue":"a824c28be72130c907b0116565e5cf76","name":"heart_off.svg","path":"D:\\huaweihongmeng\\cemenghui\\entry\\build\\default\\intermediates\\res\\default\\resources\\base\\media\\heart_off.svg","type":"file","isSymbolicLink":false,"fileMetaData":{"size":555,"lastModifiedTime":1751269970543}},{"hashValue":"f6f202b5e59df1996a895f998f79c876","name":"heart_on.svg","path":"D:\\huaweihongmeng\\cemenghui\\entry\\build\\default\\intermediates\\res\\default\\resources\\base\\media\\heart_on.svg","type":"file","isSymbolicLink":false,"fileMetaData":{"size":344,"lastModifiedTime":1751270004234}},{"hashValue":"a2faafa78df51921535ee9cc4559ad96","name":"home_off.svg","path":"D:\\huaweihongmeng\\cemenghui\\entry\\build\\default\\intermediates\\res\\default\\resources\\base\\media\\home_off.svg","type":"file","isSymbolicLink":false,"fileMetaData":{"size":428,"lastModifiedTime":1751269939675}},{"hashValue":"637a7a6067a2330c93f215a42d716567","name":"home_on.svg","path":"D:\\huaweihongmeng\\cemenghui\\entry\\build\\default\\intermediates\\res\\default\\resources\\base\\media\\home_on.svg","type":"file","isSymbolicLink":false,"fileMetaData":{"size":1027,"lastModifiedTime":1751269850421}},{"hashValue":"b3b6e52dd7d3dce1039b6153bfd87284","name":"hunan.png","path":"D:\\huaweihongmeng\\cemenghui\\entry\\build\\default\\intermediates\\res\\default\\resources\\base\\media\\hunan.png","type":"file","isSymbolicLink":false,"fileMetaData":{"size":9747,"lastModifiedTime":1751273044054}},{"hashValue":"f20a26dc0c6a120ed8b5f93eff185380","name":"hyyt.png","path":"D:\\huaweihongmeng\\cemenghui\\entry\\build\\default\\intermediates\\res\\default\\resources\\base\\media\\hyyt.png","type":"file","isSymbolicLink":false,"fileMetaData":{"size":18768,"lastModifiedTime":1751356315595}},{"hashValue":"eb07140daa923c8a171c825c7e63f158","name":"jiangsu.png","path":"D:\\huaweihongmeng\\cemenghui\\entry\\build\\default\\intermediates\\res\\default\\resources\\base\\media\\jiangsu.png","type":"file","isSymbolicLink":false,"fileMetaData":{"size":4553,"lastModifiedTime":1751273118646}},{"hashValue":"906c1cec4bc4c2f54d737eafe5e7e64e","name":"jilin.png","path":"D:\\huaweihongmeng\\cemenghui\\entry\\build\\default\\intermediates\\res\\default\\resources\\base\\media\\jilin.png","type":"file","isSymbolicLink":false,"fileMetaData":{"size":10056,"lastModifiedTime":1751273072734}},{"hashValue":"b54ebcb1148df631999064fa97cbdd71","name":"jspx.png","path":"D:\\huaweihongmeng\\cemenghui\\entry\\build\\default\\intermediates\\res\\default\\resources\\base\\media\\jspx.png","type":"file","isSymbolicLink":false,"fileMetaData":{"size":12035,"lastModifiedTime":1751356334309}},{"hashValue":"406fa60038beb9b6359ab66e9861ca19","name":"layered_image.json","path":"D:\\huaweihongmeng\\cemenghui\\entry\\build\\default\\intermediates\\res\\default\\resources\\base\\media\\layered_image.json","type":"file","isSymbolicLink":false,"fileMetaData":{"size":95,"lastModifiedTime":1751418970965}},{"hashValue":"e96046c9da39fab6fbea0599301403e5","name":"rthl.png","path":"D:\\huaweihongmeng\\cemenghui\\entry\\build\\default\\intermediates\\res\\default\\resources\\base\\media\\rthl.png","type":"file","isSymbolicLink":false,"fileMetaData":{"size":2748,"lastModifiedTime":1751273097278}},{"hashValue":"996ea0cc4597482b3b7ef01d5b2321d7","name":"shanghai_soft.png","path":"D:\\huaweihongmeng\\cemenghui\\entry\\build\\default\\intermediates\\res\\default\\resources\\base\\media\\shanghai_soft.png","type":"file","isSymbolicLink":false,"fileMetaData":{"size":6398,"lastModifiedTime":1751273062912}},{"hashValue":"1ded59ca54615e121d7976713bb8bd30","name":"shanghai.png","path":"D:\\huaweihongmeng\\cemenghui\\entry\\build\\default\\intermediates\\res\\default\\resources\\base\\media\\shanghai.png","type":"file","isSymbolicLink":false,"fileMetaData":{"size":3087,"lastModifiedTime":1751273031125}},{"hashValue":"6f4f4abdec96f249f59959f6bb0ee269","name":"startIcon.png","path":"D:\\huaweihongmeng\\cemenghui\\entry\\build\\default\\intermediates\\res\\default\\resources\\base\\media\\startIcon.png","type":"file","isSymbolicLink":false,"fileMetaData":{"size":20093,"lastModifiedTime":1751268396428}},{"hashValue":"ac5fae857b5e47e6f66cc2e7ac0b957e","name":"tech_off.svg","path":"D:\\huaweihongmeng\\cemenghui\\entry\\build\\default\\intermediates\\res\\default\\resources\\base\\media\\tech_off.svg","type":"file","isSymbolicLink":false,"fileMetaData":{"size":1027,"lastModifiedTime":1751270074247}},{"hashValue":"d300daa09f92360681e68e22b1959028","name":"tech_on.svg","path":"D:\\huaweihongmeng\\cemenghui\\entry\\build\\default\\intermediates\\res\\default\\resources\\base\\media\\tech_on.svg","type":"file","isSymbolicLink":false,"fileMetaData":{"size":938,"lastModifiedTime":1751270104442}},{"hashValue":"90fca33a44858302e9db26cc59fbc0dd","name":"xian863.png","path":"D:\\huaweihongmeng\\cemenghui\\entry\\build\\default\\intermediates\\res\\default\\resources\\base\\media\\xian863.png","type":"file","isSymbolicLink":false,"fileMetaData":{"size":9660,"lastModifiedTime":1751273110388}},{"hashValue":"3e2d2205e519a58bf61751001b24147f","name":"zero610.png","path":"D:\\huaweihongmeng\\cemenghui\\entry\\build\\default\\intermediates\\res\\default\\resources\\base\\media\\zero610.png","type":"file","isSymbolicLink":false,"fileMetaData":{"size":8782,"lastModifiedTime":1751273332996}},{"hashValue":"ac694f18ad25380b09f15c3e6f0d5bf0","name":"zist.png","path":"D:\\huaweihongmeng\\cemenghui\\entry\\build\\default\\intermediates\\res\\default\\resources\\base\\media\\zist.png","type":"file","isSymbolicLink":false,"fileMetaData":{"size":11221,"lastModifiedTime":1751273342198}}]},{"hashValue":"e59e6525027ba6f7109ca58aa7af32e1","name":"profile","path":"D:\\huaweihongmeng\\cemenghui\\entry\\build\\default\\intermediates\\res\\default\\resources\\base\\profile","type":"directory","isSymbolicLink":false,"children":[{"hashValue":"1c6946c1e9584472e6e1c1cf69b9e961","name":"backup_config.json","path":"D:\\huaweihongmeng\\cemenghui\\entry\\build\\default\\intermediates\\res\\default\\resources\\base\\profile\\backup_config.json","type":"file","isSymbolicLink":false,"fileMetaData":{"size":36,"lastModifiedTime":1751268396474}},{"hashValue":"2357ec7c9d2ecf66e684f519ef4d15d2","name":"main_pages.json","path":"D:\\huaweihongmeng\\cemenghui\\entry\\build\\default\\intermediates\\res\\default\\resources\\base\\profile\\main_pages.json","type":"file","isSymbolicLink":false,"fileMetaData":{"size":62,"lastModifiedTime":1751343072949}}]}]},{"hashValue":"","name":"rawfile","path":"D:\\huaweihongmeng\\cemenghui\\entry\\build\\default\\intermediates\\res\\default\\resources\\rawfile","type":"directory","isSymbolicLink":false,"children":[]}]},"D:\\huaweihongmeng\\cemenghui\\entry\\build\\default\\intermediates\\res\\default\\resources.index":{"hashValue":"d11fad100480ed871feb5e3797c11346","name":"resources.index","path":"D:\\huaweihongmeng\\cemenghui\\entry\\build\\default\\intermediates\\res\\default\\resources.index","type":"file","isSymbolicLink":false,"fileMetaData":{"size":5237,"lastModifiedTime":1751418971041}},"D:\\huaweihongmeng\\cemenghui\\entry\\build\\default\\intermediates\\loader_out\\default\\ets\\sourceMaps.map":{"hashValue":"e7208eab65cd5dfbbbf74944b965fe39","name":"sourceMaps.map","path":"D:\\huaweihongmeng\\cemenghui\\entry\\build\\default\\intermediates\\loader_out\\default\\ets\\sourceMaps.map","type":"file","isSymbolicLink":false,"fileMetaData":{"size":12163,"lastModifiedTime":1751418976398}},"D:\\huaweihongmeng\\cemenghui\\entry\\build\\default\\outputs\\default\\entry-default-unsigned.hap":{"hashValue":"e1aad5d7b64b2b58d2b00ea547c3ce7c","name":"entry-default-unsigned.hap","path":"D:\\huaweihongmeng\\cemenghui\\entry\\build\\default\\outputs\\default\\entry-default-unsigned.hap","type":"file","isSymbolicLink":false,"fileMetaData":{"size":461321,"lastModifiedTime":1751418976996}},"D:\\huaweihongmeng\\cemenghui\\entry\\build\\default\\intermediates\\source_map\\default\\sourceMaps.map":{"hashValue":"e7208eab65cd5dfbbbf74944b965fe39","name":"sourceMaps.map","path":"D:\\huaweihongmeng\\cemenghui\\entry\\build\\default\\intermediates\\source_map\\default\\sourceMaps.map","type":"file","isSymbolicLink":false,"fileMetaData":{"size":12163,"lastModifiedTime":1751418976398}},"D:\\huaweihongmeng\\cemenghui\\entry\\build\\default\\outputs\\default\\mapping\\sourceMaps.map":{"hashValue":"e7208eab65cd5dfbbbf74944b965fe39","name":"sourceMaps.map","path":"D:\\huaweihongmeng\\cemenghui\\entry\\build\\default\\outputs\\default\\mapping\\sourceMaps.map","type":"file","isSymbolicLink":false,"fileMetaData":{"size":12163,"lastModifiedTime":1751418976398}},"D:\\huaweihongmeng\\cemenghui\\entry\\.preview\\default\\intermediates\\res\\default\\resources\\rawfile":{"hashValue":"2ce811c1a58a436de5200c011ec69d75","name":"rawfile","path":"D:\\huaweihongmeng\\cemenghui\\entry\\.preview\\default\\intermediates\\res\\default\\resources\\rawfile","type":"directory","isSymbolicLink":false,"children":[{"hashValue":"7f43d61c905fe0d5c11ece97ac73ba40","name":"member_descriptions.json","path":"D:\\huaweihongmeng\\cemenghui\\entry\\.preview\\default\\intermediates\\res\\default\\resources\\rawfile\\member_descriptions.json","type":"file","isSymbolicLink":false,"fileMetaData":{"size":2740,"lastModifiedTime":1751523756762}}]},"D:\\huaweihongmeng\\cemenghui\\entry\\.preview\\default\\generated\\profile\\default\\ModuleInfo.ts":{"hashValue":"","name":"emptyroot","path":"","type":"unknown","isSymbolicLink":false,"children":[]},"D:\\huaweihongmeng\\cemenghui\\entry\\.preview\\default\\intermediates\\loader_out\\default\\ets":{"hashValue":"","name":"emptyroot","path":"","type":"unknown","isSymbolicLink":false,"children":[]}}